filename|text|speaker
alba/1728.wav|I accept that referees have been instructed to take a harder line.|alba
alba/1_397.wav|We have added new players.|alba
alba/3697.wav|Today we gave the ball away too quickly and too easily.|alba
alba/2_316.wav|He is one of them.|alba
alba/2_218.wav|Naturally, we are in Glasgow.|alba
alba/3418.wav|The people of Scotland have waited long enough for their Parliament, and we will go on doing everything we can to deliver it as soon as possible.|alba
alba/2198.wav|It makes a huge difference to me and my family.|alba
alba/3492.wav|I played for two years with Henrik in Rotterdam.|alba
alba/216.wav|I am the fastest player on the course.|alba
alba/3486.wav|His remit is extensive.|alba
alba/173.wav|But the relief was short-lived.|alba
alba/861.wav|We ought to be thankful to both of them.|alba
alba/3343.wav|We are aware of the proposed development although at this stage we have not received a planning application.|alba
alba/377.wav|You have to evaluate what happened.|alba
alba/1_048.wav|How to run the national health?|alba
alba/2_108.wav|He was nothing.|alba
alba/3877.wav|Henry has our full support.|alba
alba/468.wav|We will continue with that for the time being.|alba
alba/1930.wav|It is the proudest moment of my life.|alba
alba/3949.wav|That is absolutely clear to me having spoken to a number of farmers on this very point.|alba
alba/2_294.wav|These are the official figures.|alba
alba/2147.wav|We would be prepared to play a weaker Canada side.|alba
alba/3255.wav|I never do in the early part of the year.|alba
alba/3902.wav|We knew we had to win our last two games to go up as champions.|alba
alba/1884.wav|Now we have to talk to him.|alba
alba/1153.wav|The characters are always the first attraction.|alba
alba/491.wav|Not even the stadium announcer thought he had won.|alba
alba/1564.wav|Other cost-cutting measures are being introduced in the fight to make a profit.|alba
alba/1852.wav|He will hopefully lead us to great things.|alba
alba/2_140.wav|He is their reason for being.|alba
alba/3149.wav|We just have to improve.|alba
alba/2851.wav|Either system could have prevented the crash.|alba
alba/1968.wav|Here we are severely restricted by legislation.|alba
alba/1886.wav|The man is a phenomenon.|alba
alba/2898.wav|But Scottish agriculture is in trouble.|alba
alba/868.wav|One which, ultimately, they won.|alba
alba/2_147.wav|He is suspended for that game.|alba
alba/3599.wav|I can't believe it.|alba
alba/1523.wav|It can involve a flight and six-hour drive.|alba
alba/756.wav|This will have no effect on the championship.|alba
alba/1303.wav|We will be making an announcement tomorrow.|alba
alba/2038.wav|I will not go back to Hearts.|alba
alba/2_234.wav|What exactly were the problems?|alba
alba/2778.wav|I have had a lovely summer.|alba
alba/004.wav|We also need a small plastic snake and a big toy frog for the kids.|alba
alba/1486.wav|However, we are deeply concerned by the news.|alba
alba/1103.wav|Similar expressions of unity and conviction came from the Democrats.|alba
alba/1_231.wav|Nobody would believe it.|alba
alba/2_031.wav|Our defence has been much-maligned.|alba
alba/2_089.wav|None has ever been found.|alba
alba/2524.wav|It is high time to act.|alba
alba/200.wav|I like to take risks, to gamble, to go for things.|alba
alba/1353.wav|It is intended to help people on low or middle incomes.|alba
alba/2451.wav|When will we see his like again?|alba
alba/1566.wav|Three other people were injured.|alba
alba/3573.wav|We expected to be playing the All Blacks and had begun our planning accordingly.|alba
alba/805.wav|Their bid was a very good one.|alba
alba/1_332.wav|Would the top players stay in Scotland?|alba
alba/030.wav|Considering the price they had paid, there wasn't much choice of films at the cinema that night.|alba
alba/062.wav|He wanted to talk to me about it.|alba
alba/2_045.wav|The change was not instant.|alba
alba/3558.wav|They will take care of Glasgow and Edinburgh, but what about the rest of the country?|alba
alba/3715.wav|I was going to do something about it.|alba
alba/1268.wav|In the last five minutes, it was difficult because we had used up so much energy.|alba
alba/303.wav|They are mutually exclusive.|alba
alba/338.wav|The incentives announced by the chancellor will help deprived areas, but they are not sufficient.|alba
alba/1515.wav|This is an extremely serious situation which cannot be allowed to go on.|alba
alba/289.wav|That illustrated the decency of the man.|alba
alba/2312.wav|Keigan is in the team on merit, but he still has a lot to learn.|alba
alba/1_305.wav|However we must not be complacent.|alba
alba/2_181.wav|Don't you just love it?|alba
alba/1385.wav|Treatment is not an issue with these people.|alba
alba/3804.wav|He said the system was simply an extension of the procedure for taking fingerprints.|alba
alba/3020.wav|But it was not just this that made it unique.|alba
alba/3088.wav|We acknowledge that there is a backlog.|alba
alba/3309.wav|He has been found guilty of absolutely nothing.|alba
alba/3143.wav|It will be fantastic to get into the tournament and attempt to get to the later stages.|alba
alba/613.wav|I was injured after just three months and then there was a change of trainer.|alba
alba/2_411.wav|He had returned to die.|alba
alba/310.wav|Who reminded him about the score?|alba
alba/2239.wav|He was taken to Glasgow Royal Infirmary suffering from serious injuries to his body, but died a short time later.|alba
alba/3196.wav|But it's also a little insecure.|alba
alba/1295.wav|It is not too little too late.|alba
alba/1412.wav|I'm just trying to give people enough information.|alba
alba/927.wav|The board has insisted the system should remain in place.|alba
alba/983.wav|The first is personal and the second corporate.|alba
alba/3405.wav|Our equipment is more expensive.|alba
alba/857.wav|It was a wonderful moment for all of us.|alba
alba/3999.wav|I had spoken to her before.|alba
alba/3252.wav|I am happy to be back in London.|alba
alba/2805.wav|Jordanhill School is generally regarded as one of the best in the city.|alba
alba/1606.wav|That is bad enough.|alba
alba/3120.wav|I have had enough of it.|alba
alba/1957.wav|I'm looking forward to it, it's going to be a big, big game.|alba
alba/3462.wav|Scottish executive sources last night said its officials were puzzled by the explanation.|alba
alba/2950.wav|She insisted that direct approaches to Government would continue to be made.|alba
alba/1918.wav|This is my life.|alba
alba/1022.wav|Rather, it was about ensuring there was fairness in society.|alba
alba/895.wav|The matter will come up again.|alba
alba/615.wav|Resolution of the thorny headquarters issue is considered the key to the two finalising terms.|alba
alba/1163.wav|We cannot take anything for granted.|alba
alba/1_317.wav|Well you won't be seeing them again.|alba
alba/2641.wav|They shouldn't make too much of it.|alba
alba/3283.wav|I said last week it couldn't get any better, but this was brilliant.|alba
alba/1166.wav|There is no indication when the restrictions can be lifted.|alba
alba/1680.wav|You see Reid has moved on.|alba
alba/740.wav|But we are working together for this result.|alba
alba/998.wav|Clearly, she saw it coming, as she informed The Herald last year that she was going to have to slow down.|alba
alba/3834.wav|As yet we are unsure if they will be affected.|alba
alba/2094.wav|He was cutting his teeth and the job was just too big for him.|alba
alba/1096.wav|He is not someone you can remain indifferent about.|alba
alba/1_211.wav|It is too much to take in.|alba
alba/2730.wav|Just when he thought his day couldn't get better.|alba
alba/1052.wav|I can talk.|alba
alba/3240.wav|The people seem to be really thinking about and talking about the real issues.|alba
alba/2263.wav|It is long overdue.|alba
alba/2_157.wav|Would it be enough?|alba
alba/1244.wav|With us, we just want them to respond.|alba
alba/3469.wav|But the young play-maker has found it difficult to make his mark in international football.|alba
alba/1_038.wav|You never want to concede a hole.|alba
alba/2614.wav|Personally speaking, it's a situation which usually doesn't bother me.|alba
alba/2887.wav|That was the turning point.|alba
alba/3238.wav|This will be a totally different game from the one against Dundee United.|alba
alba/3296.wav|If the project is approved, an application will be put forward to qualify for European development funding.|alba
alba/2400.wav|After that, it is up to the manager.|alba
alba/4011.wav|Foxes don't know whether they are in Scotland or England.|alba
alba/1_401.wav|It was not meant to end this way.|alba
alba/2_109.wav|His family also went missing.|alba
alba/1701.wav|It provided money.|alba
alba/3679.wav|There's no evidence he was ever there.|alba
alba/1176.wav|It says it wants to help people who can work to find work and help restore their dignity.|alba
alba/2_139.wav|But this is not new in these parts.|alba
alba/2_390.wav|Ferguson did not hesitate.|alba
alba/2193.wav|It is a funny family you have here.|alba
alba/3744.wav|No-one at the North Glasgow Trust was available for comment.|alba
alba/902.wav|There may be reasons for it.|alba
alba/1559.wav|Do they really have any inside influence on Labour?|alba
alba/092.wav|We've got four months to prepare our case and every day is important.|alba
alba/2439.wav|It's very exciting.|alba
alba/1645.wav|He has the courage of the unaware.|alba
alba/3341.wav|We don't really know where she is.|alba
alba/1288.wav|There is no problem with that.|alba
alba/1352.wav|Now we can bring in some much needed revenue for the club.|alba
alba/049.wav|The main concern is that it could interfere with air traffic.|alba
alba/786.wav|He will not be coming back.|alba
alba/1784.wav|This is even more satisfying than last year.|alba
alba/1059.wav|I have a picture of him.|alba
alba/2911.wav|The mood in the factory is great.|alba
alba/1892.wav|We could soon be in that same position!|alba
alba/1627.wav|He has experience, and it is good to be playing alongside him.|alba
alba/017.wav|Others have tried to explain the phenomenon physically.|alba
alba/1_274.wav|I couldn't play a lot better than that.|alba
alba/2_236.wav|Its success is critical for us all.|alba
alba/2833.wav|Honour was served.|alba
alba/1_243.wav|There was no side to him.|alba
alba/2_334.wav|The darkest hour is just before the dawn.|alba
alba/2073.wav|They lost their jobs and public services suffered.|alba
alba/768.wav|Which is why he is out there now in the real world.|alba
alba/2630.wav|She returned to the theatre.|alba
alba/750.wav|This is action which will probably be taken throughout Scotland.|alba
alba/3041.wav|He admitted there were two aspects of fear.|alba
alba/2247.wav|Bridging will not be allowed.|alba
alba/1292.wav|He also revealed that there has been little discussion in the dressing room about the candidates for the job.|alba
alba/2_095.wav|There is no reason to be negative.|alba
alba/2683.wav|Indeed, they go out of their way to prove the opposite.|alba
alba/3813.wav|The then secretary was not amused.|alba
alba/1012.wav|We have not.|alba
alba/2_235.wav|I was lucky.|alba
alba/1764.wav|And how is he now?|alba
alba/1029.wav|Alex McLeish is not the national team manager.|alba
alba/642.wav|I would put my money on Peter Donald.|alba
alba/157.wav|The conclusion is the same.|alba
alba/2897.wav|That's as it should be.|alba
alba/1267.wav|Was he perhaps being too personal?|alba
alba/2220.wav|And Morton also have a cup-tie at Peterhead.|alba
alba/152.wav|Our biggest problem was that they just did not believe they could win.|alba
alba/2_151.wav|This is reflected in their design.|alba
alba/2102.wav|That will be a portion of the funds.|alba
alba/2677.wav|There is surely no excuse for such incompetence.|alba
alba/2732.wav|Its case had previously been handled by the local procurator-fiscal.|alba
alba/892.wav|That is not what happens in real life.|alba
alba/1_059.wav|It was a very good team effort.|alba
alba/3754.wav|I didn't know about it until last week and it's in the shops.|alba
alba/3741.wav|I don't know where the bathroom is.|alba
alba/3559.wav|But now that may not be done.|alba
alba/446.wav|I don't have a manager.|alba
alba/1_279.wav|We stand by our figures.|alba
alba/471.wav|It is difficult to attract the players available to choose to play in Scotland.|alba
alba/3190.wav|I did not believe him.|alba
alba/1746.wav|I am not happy but we have no choice.|alba
alba/1221.wav|We are sure that America will think about it and find a solution.|alba
alba/2395.wav|If a decision is made discussions on separation distances will be part of that.|alba
alba/2507.wav|He has a really great season.|alba
alba/1349.wav|That is what every other European country has done.|alba
alba/914.wav|The membership and the remit of the inquiry will be subject to the Parliament's agreement on Friday.|alba
alba/1075.wav|They are still very quiet.|alba
alba/2_114.wav|You can feel at home in China.|alba
alba/2194.wav|That was two months ago.|alba
alba/2940.wav|You must remember.|alba
alba/2646.wav|I think we believed the tie was won.|alba
alba/3075.wav|It goes with the job.|alba
alba/2139.wav|What on earth is happening at Stirling County?|alba
alba/3731.wav|We have a process which is not suddenly going to happen in the next two days.|alba
alba/080.wav|I'm pleased with the overall performance but disappointed with the way it ended.|alba
alba/3557.wav|We were going to have all the family together.|alba
alba/399.wav|It was a hit.|alba
alba/3279.wav|It was, and deservedly.|alba
alba/1_073.wav|I can't take it any more.|alba
alba/677.wav|Our managers are supposed to tell us but they left it and we would find out from other sources, including the press.|alba
alba/416.wav|I've been in the best form of my career and was feeling confident, relaxed, and highly motivated.|alba
alba/1_293.wav|That time is not now, however.|alba
alba/3257.wav|Mexico City was a wonderful experience.|alba
alba/2817.wav|He urged people to forgive.|alba
alba/2_263.wav|People will have to be patient.|alba
alba/865.wav|But most of all, the Scottish Parliament was a victory for the Scottish people.|alba
alba/1026.wav|The team who have lost the most players are struggling.|alba
alba/2315.wav|The consultants report commissioned by the previous Government was not published.|alba
alba/2586.wav|This is a defining moment in this parliament.|alba
alba/2792.wav|He also has a house in Italy.|alba
alba/1590.wav|It is going to be very dangerous.|alba
alba/3367.wav|I'm not depressed.|alba
alba/1083.wav|I could not have asked for better news.|alba
alba/3382.wav|Now the show is for public consumption.|alba
alba/3266.wav|This news is absolutely excellent.|alba
alba/262.wav|We are used to this kind of thing happening across the length and breadth of Scotland.|alba
alba/980.wav|I feel a lot more confident and comfortable in the first team now.|alba
alba/1_354.wav|Ian Edwards was a computer engineer.|alba
alba/850.wav|Highest priority had been given to the nuclear deterrent.|alba
alba/2917.wav|I've never heard of anything like this.|alba
alba/2233.wav|Things don't look too good at the moment.|alba
alba/1480.wav|Lucky to be alive.|alba
alba/1473.wav|Stalkers are capable of killing.|alba
alba/3879.wav|Then came the crunch.|alba
alba/1565.wav|Eleven events are required.|alba
alba/2021.wav|Security, therefore was not guaranteed.|alba
alba/894.wav|According to organisers yesterday the festival is here to stay.|alba
alba/1629.wav|The environment has never been on the Tory agenda.|alba
alba/267.wav|There has certainly been a degree of local interest in it.|alba
alba/1215.wav|But he was sceptical that legislation was the answer.|alba
alba/2721.wav|That's just a friendly game.|alba
alba/2313.wav|But we do believe they could be more efficient.|alba
alba/733.wav|Three pedestrians were among those who died.|alba
alba/1734.wav|Every player wants to win every match.|alba
alba/465.wav|He never offended anyone and was always very polite.|alba
alba/3159.wav|He was the only man to be First Minister.|alba
alba/3696.wav|He said they would be part of the modernising government programme.|alba
alba/2450.wav|You can't have a drink in the bar.|alba
alba/3250.wav|We have asked that the company consider a reduction in the working week.|alba
alba/1123.wav|Most people don't.|alba
alba/3868.wav|The trial was halted more than once because of her behaviour.|alba
alba/2_166.wav|Neither had any other career.|alba
alba/2058.wav|He said Mr Bush had expressed his sympathy to Mr Giuliani in a phone call.|alba
alba/3026.wav|Crew members attended to passengers on board the train in the aftermath of the derailment.|alba
alba/2863.wav|If necessary, we will look at other measures.|alba
alba/1409.wav|The report was criticised by the Scottish Consumer Council.|alba
alba/3532.wav|They may never be as successful again.|alba
alba/2668.wav|He was totally without that form of fear.|alba
alba/845.wav|If we win over there it won't be such a big surprise to everybody.|alba
alba/1530.wav|They actually think this is the position they are in.|alba
alba/357.wav|You just have to see it as one of those things.|alba
alba/3131.wav|Stifling resistance had now become an obsession with the Kremlin.|alba
alba/954.wav|This, historically, was the first orchestra in Russia.|alba
alba/830.wav|Will it be another record attendance that day?|alba
alba/2338.wav|The result will be secondary.|alba
alba/1739.wav|That was a great performance by the team.|alba
alba/898.wav|Thankfully, Mr Campbell was able to help.|alba
alba/2_164.wav|It does not like this kind of risk.|alba
alba/2438.wav|It's idiots and the minority that cause the trouble.|alba
alba/2847.wav|But that's what happened.|alba
alba/2_219.wav|Just to go and learn.|alba
alba/2382.wav|Two were later reinstated.|alba
alba/1906.wav|We all know where he is going.|alba
alba/3325.wav|She consulted the Bank of Scotland and gave instructions to that effect.|alba
alba/1643.wav|They should have a major rethink about the event for next year.|alba
alba/1712.wav|Oh, and wear a kilt.|alba
alba/3809.wav|The things that happened to me in my childhood.|alba
alba/2036.wav|We are delighted with the results.|alba
alba/3984.wav|Mr McLauchlan said he was determined to find a new career.|alba
alba/1_251.wav|There is no other way forward.|alba
alba/3820.wav|Ayr will be on.|alba
alba/1274.wav|Many of the workers here will be devastated.|alba
alba/1832.wav|He was still talking at this point and he was able to say goodbye as he got into the ambulance.|alba
alba/272.wav|Clearly we are looking at this very carefully.|alba
alba/1323.wav|The performance was excellent.|alba
alba/3660.wav|Which was true.|alba
alba/2_082.wav|Every film is exciting for me.|alba
alba/3463.wav|Last weekend in Germany, he missed the cut.|alba
alba/250.wav|There are others.|alba
alba/2604.wav|We just cannot get hold of him at all, and he our best player.|alba
alba/2202.wav|I was very upset.|alba
alba/3677.wav|It's time for her to go.|alba
alba/3166.wav|The matter has been dealt with.|alba
alba/2392.wav|But the agony of his family is acute.|alba
alba/2013.wav|I don't intend to say anything about them which they can use against us.|alba
alba/2663.wav|You have got to take the risk.|alba
alba/3231.wav|That is the way it is here.|alba
alba/3569.wav|Perhaps it is my many months of experience at The Herald.|alba
alba/129.wav|And we are all hoping that he is able to play tomorrow night.|alba
alba/3875.wav|I had come to terms with dying.|alba
alba/464.wav|There's no way we could find that money from any other departmental expenditure.|alba
alba/1257.wav|It's what we should have been getting for years, but it has come too late for me.|alba
alba/2581.wav|The Scottish Office has not yet formally awarded the contract.|alba
alba/1208.wav|But we needed the causeway.|alba
alba/2_184.wav|Last night, he was paying the price.|alba
alba/1899.wav|It's a pity but that is the reality of it.|alba
alba/2912.wav|It was good to get on and brilliant to score.|alba
alba/1_178.wav|They are not an item.|alba
alba/3846.wav|The affair is over.|alba
alba/1_237.wav|He is looking for a sporting challenge.|alba
alba/4037.wav|Scotland does not.|alba
alba/2837.wav|It is one not to miss.|alba
alba/2606.wav|There's always the next century.|alba
alba/1479.wav|Just to see.|alba
alba/2_405.wav|He says he can make it.|alba
alba/1259.wav|Indeed they do.|alba
alba/2888.wav|We are looking forward to, hopefully, meeting Rangers in the final.|alba
alba/2472.wav|It was a night for the Ibrox club to savour.|alba
alba/114.wav|People want their work to be noticed in Edinburgh.|alba
alba/117.wav|We have never really felt that we were waiting for something to happen.|alba
alba/542.wav|As in previous years, the marchers tried to hand over a letter of protest.|alba
alba/1030.wav|We are dealing with problems that have been around for a very, very, long time.|alba
alba/1_139.wav|It is like every trial that comes along.|alba
alba/1293.wav|This is genuinely fitting conclusion to a year of design.|alba
alba/2532.wav|You would think that if any party is in favour of that it should be the Conservative party.|alba
alba/3822.wav|I have decided to make a final statement in the interests of truth and clarity.|alba
alba/2024.wav|We are deeply saddened by the unforeseen and unexpected nature of this incident.|alba
alba/1397.wav|Mr Bush said he had been in Scotland in the past and had happy memories of it.|alba
alba/3358.wav|That policy is supported by the National Farmers Union of Scotland.|alba
alba/2923.wav|I am not and never have been a dirty player.|alba
alba/2109.wav|Surely going into the new millennium that situation should be sorted.|alba
alba/2119.wav|He's the sort of player you don't have to worry about.|alba
alba/2_365.wav|Three bystanders were killed.|alba
alba/3009.wav|There is much more to it.|alba
alba/1339.wav|In the end it was enough.|alba
alba/1250.wav|You get the picture.|alba
alba/1122.wav|No, it's never been mentioned.|alba
alba/1_262.wav|It is an outrage.|alba
alba/3870.wav|I know you went back this morning.|alba
alba/2372.wav|It would be a disaster for the Scottish game, though.|alba
alba/2_275.wav|I have a very strong opinion about this.|alba
alba/3954.wav|What we have to do is think about our own game and bring some more aggression.|alba
alba/3850.wav|Scottish football fans had a dreadful reputation, especially down south.|alba
alba/1_403.wav|I am innocent.|alba
alba/2564.wav|His latest comments were welcomed by Mr Lilley.|alba
alba/2869.wav|My commitment to the Government and the Labour Party is as strong as ever.|alba
alba/1817.wav|A statement said the incident was being treated as attempted murder.|alba
alba/1_132.wav|I fully commend it.|alba
alba/2467.wav|We have got to focus on winning our home games.|alba
alba/3626.wav|I loved it in France and so did my family.|alba
alba/817.wav|If it was the finale for some of them, they went out in style.|alba
alba/2963.wav|George McGregor, a senior official of the Scrap The Section campaign said yesterday.|alba
alba/230.wav|Now a first edition of Emma with an intriguing history has set a world record at auction.|alba
alba/215.wav|Neville, the government official who instigated the policy.|alba
alba/2447.wav|They just don't want to talk about it.|alba
alba/233.wav|Staff are determined to continue to provide the excellent service to clients for which the agency has been hired.|alba
alba/3154.wav|United had occupied their half of the field for most of the second period.|alba
alba/732.wav|There have been expressions of interest, but they have come to nothing.|alba
alba/3183.wav|It is not an abortion.|alba
alba/125.wav|Last season, we would probably have lost a late goal and come away with only a point from a game like this.|alba
alba/2_321.wav|This could easily have been another tragedy.|alba
alba/901.wav|The Crown accepted his plea of not guilty to two other charges.|alba
alba/2_069.wav|That would be surprising.|alba
alba/1507.wav|One could argue that they would have made the grade in any case.|alba
alba/4013.wav|That is just asking for trouble.|alba
alba/2_286.wav|Who will be released tomorrow?|alba
alba/1028.wav|But we asked the companies to maximise the area they covered.|alba
alba/3057.wav|She, too, faces a ban.|alba
alba/1889.wav|Is that success?|alba
alba/2_104.wav|That was only the start.|alba
alba/2241.wav|Safety is our first priority.|alba
alba/3122.wav|He died in hospital in Torquay, with his daughter by his side.|alba
alba/2_229.wav|He pretended not to care.|alba
alba/887.wav|The spirit in the dressing room is tremendous.|alba
alba/1240.wav|This was the most significant.|alba
alba/3490.wav|Downing Street insisted, We have made clear that the deadline is absolute.|alba
alba/553.wav|But it was more than an hour before the remaining crew member was persuaded to leave the vessel.|alba
alba/1575.wav|I'll be ready.|alba
alba/081.wav|Now this is interesting.|alba
alba/2_049.wav|The discussions will surely not last too long.|alba
alba/343.wav|There is still no suggestion that there is another major player who has made an official approach to Fergus McCann.|alba
alba/2252.wav|Die Another Day opens on Friday.|alba
alba/1456.wav|It is their home, their future, and their choice.|alba
alba/3908.wav|He just wanted to show that he has a feeling for them.|alba
alba/1045.wav|The people are the hero.|alba
alba/1504.wav|It's the first time it has happened and hopefully the last time.|alba
alba/3395.wav|He became involved in projects including pyrotechnics and interior design.|alba
alba/1647.wav|It is a time to be positive and put the cynicism and suspicion behind us.|alba
alba/2_260.wav|People shouldn't be surprised.|alba
alba/2355.wav|We have been treated with complete contempt.|alba
alba/2287.wav|Grampian Police have said suspended officer had not yet been charged in connection with the inquiries.|alba
alba/3871.wav|This is likely to involve a combination of environment and genetics.|alba
alba/1307.wav|Another is that he collapsed and died on the spot.|alba
alba/628.wav|Success in Europe would have altered that perception.|alba
alba/1229.wav|The spectators were very kind to me.|alba
alba/669.wav|United manager Paul Sturrock was not for making excuses.|alba
alba/2327.wav|It was not to be.|alba
alba/3389.wav|They want to be entertained.|alba
alba/2_410.wav|Tell it like it was?|alba
alba/1146.wav|It was all very frustrating, but in the end we got what we deserved.|alba
alba/1971.wav|I will tell you about that in a couple of weeks time.|alba
alba/3656.wav|I just hope it is sorted soon.|alba
alba/3451.wav|Everyone else has to play by the laws.|alba
alba/2_071.wav|Fraserburgh is not unique.|alba
alba/1_162.wav|You always have to keep that in mind.|alba
alba/2708.wav|If you want to play football, you have to have the ball.|alba
alba/2_265.wav|Europe has to change.|alba
alba/3427.wav|It was the same with Dickens.|alba
alba/1334.wav|It means it is difficult.|alba
alba/2007.wav|You can see the developments in England and Italy and we cannot be left behind.|alba
alba/925.wav|A coalition was building.|alba
alba/2292.wav|He was just a journalist.|alba
alba/2_348.wav|I think he must be a Christian.|alba
alba/3729.wav|If he wishes to embark on that type of initiative, that is a matter for himself.|alba
alba/1076.wav|a day later he said that he and President Bush had agreed to find a mutually acceptable solution.|alba
alba/1985.wav|We had to make up for what had happened in the Faroes, and we did.|alba
alba/688.wav|When it is ready, it will be signed.|alba
alba/1_297.wav|It's to do with this place.|alba
alba/2_124.wav|I've no idea how the fires started.|alba
alba/2042.wav|This appears to have been a very tragic accident.|alba
alba/499.wav|I would like to work more frequently.|alba
alba/2_167.wav|This is the best moment of my career.|alba
alba/1_377.wav|That is our aim.|alba
alba/1928.wav|He did not think that somebody should make such a profit, without the community benefiting too.|alba
alba/3935.wav|Neil wouldn't want you to do that.|alba
alba/3695.wav|Hopefully, at the end of all this, the social workers will find this man is a loving father.|alba
alba/3312.wav|But this is about more than being visible.|alba
alba/1_399.wav|I want to stay as normal as possible.|alba
alba/3222.wav|There is not one of them you could easily write off as a threat.|alba
alba/375.wav|I might get an injury very easily.|alba
alba/2596.wav|We knew it would take time.|alba
alba/422.wav|I am happy to be a qualifier.|alba
alba/2890.wav|His style is suited to Scottish football.|alba
alba/2_369.wav|I'd be very rich.|alba
alba/1_219.wav|You have a home.|alba
alba/2_133.wav|It is difficult when you don't know anyone.|alba
alba/3419.wav|The players were under pressure.|alba
alba/3633.wav|You can do anything.|alba
alba/3732.wav|Too often it is not.|alba
alba/2938.wav|Lord Johnston is expected to issue a written decision later.|alba
alba/2559.wav|County were well organised and made life difficult as we could not get in behind them.|alba
alba/1964.wav|It is also a system which is paying dividends.|alba
alba/280.wav|London is one of the safest capital cities in the whole of the world.|alba
alba/2719.wav|I am convinced that it does have a future.|alba
alba/028.wav|Peter knew he had to do his best not to be rude, or he might well be booted out.|alba
alba/1833.wav|It is humorous, but also making a point.|alba
alba/1128.wav|The number of casualties is increasing with the passage of time.|alba
alba/3323.wav|So what is the situation in Australia?|alba
alba/3303.wav|Television is more sustainable, especially if there is a series.|alba
alba/719.wav|We would really worry if the fuel had got down into the soil.|alba
alba/1588.wav|But the Ensemble Modern Orchestra is different.|alba
alba/3348.wav|Until you hit the big games.|alba
alba/2934.wav|Anything can happen if conditions are like this for the race.|alba
alba/1883.wav|The Motherwell players will also be very disappointed.|alba
alba/2217.wav|I think that is a fraud.|alba
alba/2755.wav|You look like a rugby player.|alba
alba/1_158.wav|Why do we have to be different?|alba
alba/1706.wav|The result was very important to us.|alba
alba/856.wav|The cost is not great.|alba
alba/583.wav|We are opposed to the cloning of embryos for the simple reason that the embryo will be destroyed.|alba
alba/4035.wav|To me it is like nowhere else in the world.|alba
alba/221.wav|However, there was a helmet on the head of one body.|alba
alba/1961.wav|The only way was up.|alba
alba/1_259.wav|I was very impressed with the teachers.|alba
alba/455.wav|They were all good.|alba
alba/3969.wav|That was not the full extent of the remit, of course.|alba
alba/935.wav|They were outside the circle.|alba
alba/2_160.wav|I don't think there's any difference between us.|alba
alba/1_320.wav|All of us in Scotland should be vigilant.|alba
alba/503.wav|It became part of the staple diet of the North-east.|alba
alba/1_424.wav|They don't work enough on the defensive side.|alba
alba/3620.wav|We're not going to let go of this one.|alba
alba/1920.wav|It is planned for London in the spring.|alba
alba/3575.wav|What did they think of her voice?|alba
alba/1_321.wav|Head teachers want their pupils to conform.|alba
alba/2575.wav|But for part of the day he requires a wheelchair.|alba
alba/442.wav|Why it has happened is a bit harder to understand.|alba
alba/2_051.wav|We can't afford to make a mistake.|alba
alba/3997.wav|The encounter was to change his life.|alba
alba/3176.wav|The winter break in Scottish football is good for all the teams.|alba
alba/3605.wav|For him then it's a labour of love.|alba
alba/2_231.wav|They are very concerned, and you can understand that.|alba
alba/3262.wav|I have total control.|alba
alba/3981.wav|He must be devastated.|alba
alba/1727.wav|The cutting edge is missing.|alba
alba/979.wav|The club is very dis- appointed it has had to come to this stage.|alba
alba/3772.wav|He also agreed to a ceasefire with Israel.|alba
alba/2571.wav|They did not interfere.|alba
alba/2350.wav|Had he appeared on the field, the club would have been forced to forfeit the tie.|alba
alba/2_310.wav|However, from then on it was fireworks.|alba
alba/1_115.wav|I don't see it as a way forward.|alba
alba/1100.wav|The paper will be born in time for the Scottish Parliament.|alba
alba/1345.wav|Now the Parkhead team will go into the draw for the second round on Friday and they do so deservedly.|alba
alba/1_258.wav|This is a classic.|alba
alba/1929.wav|The system of protection and designation in Scotland is inadequate and this is recognised by the new Government.|alba
alba/2647.wav|He said the Parliament should be left to make its own decisions.|alba
alba/2824.wav|The orchestra is quite good, but the hall is terrible.|alba
alba/2939.wav|Still, it didn't make the weather more interesting for me.|alba
alba/2_277.wav|Then came his big break.|alba
alba/2333.wav|That is until we come to the proposals for medical treatment and research.|alba
alba/1104.wav|There is a barrier with the language.|alba
alba/3726.wav|The Allies intend to maintain the average.|alba
alba/1_376.wav|It is the men who create the demand.|alba
alba/1758.wav|No guarantee could be given on the risk of further flooding.|alba
alba/058.wav|That made all the difference.|alba
alba/2_026.wav|There is hope for us all.|alba
alba/476.wav|He tried to get out of the arrangement, but could not.|alba
alba/2_183.wav|It was a timely request.|alba
alba/3860.wav|There is a much better chance of this on a bi-annual basis.|alba
alba/3977.wav|They didn't come here to bury them.|alba
alba/2935.wav|I have been here for only three months.|alba
alba/2870.wav|There are two options.|alba
alba/1_160.wav|That is heartening.|alba
alba/2214.wav|Was it too obvious?|alba
alba/3535.wav|We've got the face the future.|alba
alba/1853.wav|The striker has returned to the team after a spell out of favour.|alba
alba/2329.wav|I will never do this again.|alba
alba/3345.wav|Oh, and will it be easier for referees in the process?|alba
alba/1719.wav|It would have been just as well, if we were dependent on the Southern General.|alba
alba/2877.wav|The aim is to have the reports online by this autumn.|alba
alba/612.wav|Being a musician is not like that.|alba
alba/2_170.wav|He has something in common with the Wallabies.|alba
alba/145.wav|I'm just waiting for the results.|alba
alba/3753.wav|I disagree with it completely as a selection policy.|alba
alba/3242.wav|I can't explain it.|alba
alba/2444.wav|They will not be just abandoned.|alba
alba/953.wav|There's nothing to say.|alba
alba/2051.wav|His claims were met with a mixture of anger and disgust.|alba
alba/1949.wav|freedom for providers to manage their businesses.|alba
alba/2218.wav|Perhaps with this sort of background information we will be more successful.|alba
alba/1878.wav|It is like that for my whole family because they have been through it all with me.|alba
alba/3667.wav|But all this will take time.|alba
alba/1446.wav|Our numbers are small.|alba
alba/1040.wav|That is important, that is what we need.|alba
alba/2724.wav|This is the biggest thing in the world, isn't it?|alba
alba/3824.wav|There is equipment there, so why shouldn't they use it?|alba
alba/1282.wav|It ought to have been registered.|alba
alba/2547.wav|This is a human tragedy.|alba
alba/1709.wav|Isn't the reality that this is going to be another way of our society being divided?|alba
alba/1262.wav|The wealth of talent in Australia is awesome.|alba
alba/1_031.wav|You can't have one without the other.|alba
alba/3244.wav|Movements have their moment.|alba
alba/304.wav|They don't seem to appreciate the risk that the same could happen to us.|alba
alba/1_314.wav|We have to pay the going rate.|alba
alba/2845.wav|That is the real test.|alba
alba/408.wav|There is one point of coincidence between the two.|alba
alba/315.wav|You feel like you know them.|alba
alba/2602.wav|However, we now have a new managing director and on we go.|alba
alba/2206.wav|Most regions of Scotland are represented.|alba
alba/1_204.wav|They could be applied to the man himself.|alba
alba/2330.wav|No charges have yet been brought in the case.|alba
alba/3617.wav|Charles Clarke is an idiot.|alba
alba/3141.wav|The Australian took just a few hours to complete a deal.|alba
alba/3103.wav|I hope they are prepared to stick to their guns.|alba
alba/271.wav|He would not even have been granted an interview because of his criminal conviction.|alba
alba/2490.wav|We will try to get the first victory ever.|alba
alba/1_114.wav|Worse still, he might be singing Lady in Red.|alba
alba/1586.wav|We have two fixtures to look at his form.|alba
alba/3217.wav|But we are not there yet.|alba
alba/203.wav|It was difficult to see how he could continue in his job.|alba
alba/1765.wav|The two men, of course, insist on their innocence and there is no guarantee of a conviction.|alba
alba/109.wav|It was wrong to change the kick-off time on the day of the game.|alba
alba/3765.wav|Totally Broke?|alba
alba/1_083.wav|She is doing fine.|alba
alba/539.wav|Seems like a sensible compromise.|alba
alba/2591.wav|Marshall was the key to it all, however.|alba
alba/2212.wav|He is such a character that he won't be fazed by the prospect of playing tomorrow.|alba
alba/1380.wav|At this stage it would appear that the same person or persons are responsible for the outbreaks of the fires.|alba
alba/1426.wav|It was simple.|alba
alba/1_130.wav|Policing the profession is important.|alba
alba/1638.wav|I just want to get rid of it.|alba
alba/912.wav|Ah well, at least it gave us something to talk about.|alba
alba/2759.wav|There was a sense of self-belief.|alba
alba/1792.wav|Well, that's the theory, anyway, and it is certainly time it was implemented.|alba
alba/039.wav|The young man sat down, putting his wet feet by the fire.|alba
alba/1392.wav|It was a truly modern relationship.|alba
alba/1797.wav|These days are over.|alba
alba/3951.wav|What if you've done the worst thing in the world?|alba
alba/2_223.wav|We are very worried.|alba
alba/1394.wav|Nevertheless, Mr Mandelson could be proud of his record, the prime minister said.|alba
alba/055.wav|Last season we were not doing that and it was difficult for us.|alba
alba/1461.wav|It is the first time we have had the whole story.|alba
alba/2099.wav|But now they are becoming weak.|alba
alba/2_243.wav|It does not move, which is amazing.|alba
alba/657.wav|That is what we have been doing since then.|alba
alba/3618.wav|He is a world-class performer and always very exciting.|alba
alba/3867.wav|The home side had it as an extra man in the first period and used it well.|alba
alba/1966.wav|It will make it easier for his family to visit.|alba
alba/3043.wav|I am not thinking about that tonight.|alba
alba/2521.wav|I agreed to maintain our relationship.|alba
alba/2_054.wav|We are not defeated.|alba
alba/2_336.wav|How is he enjoying life as a senior?|alba
alba/2_342.wav|Scotland were on Saturday.|alba
alba/2_065.wav|So you should have fun!|alba
alba/1089.wav|Determined to bounce back into the Premiership?|alba
alba/270.wav|But he did not.|alba
alba/2558.wav|That is how it works in most professional sports.|alba
alba/1433.wav|That did not work.|alba
alba/2802.wav|As expected, she died during the separation.|alba
alba/3743.wav|They got upset.|alba
alba/685.wav|The way to tackle that is in school.|alba
alba/1014.wav|I had to lie.|alba
alba/1073.wav|There are easier ways to kill.|alba
alba/3268.wav|However, that left the question of the evidence which was not led at the trial.|alba
alba/332.wav|The authority insists he was in no position to influence the choice of let.|alba
alba/2306.wav|The Commons is too outdated.|alba
alba/2_212.wav|Maloney is an engaging talent.|alba
alba/371.wav|You are a sort of shop steward for the party.|alba
alba/2071.wav|The driver was taken to hospital with a leg injury.|alba
alba/3750.wav|I know what it is like myself being an assistant.|alba
alba/1_344.wav|Did it work?|alba
alba/1130.wav|Their bodies were recovered two days later.|alba
alba/1227.wav|How much has come out of the kitty so far?|alba
alba/027.wav|Shall we invite them here for Thanksgiving, Katie said, getting out of the car.|alba
alba/1_067.wav|Vanska has gone.|alba
alba/1179.wav|Rugby is going to find it harder, not easier to sell itself in the future.|alba
alba/3350.wav|So they appear.|alba
alba/636.wav|The choice is simple.|alba
alba/1713.wav|We should keep this recent assault in perspective.|alba
alba/3453.wav|Since then, my life has been turned upside down.|alba
alba/1_230.wav|But he had concocted an alibi.|alba
alba/2254.wav|I'm very disappointed and frustrated.|alba
alba/3375.wav|Don't be a dictator.|alba
alba/1382.wav|Not at all - it has been my life.|alba
alba/2527.wav|I wanted the space to be my age again.|alba
alba/2_171.wav|Only making blockbusters has never been my goal.|alba
alba/2480.wav|He has not been charged with anything.|alba
alba/1442.wav|The classic promises to be a memorable occasion.|alba
alba/2449.wav|Reporters and police officers well outnumbered the local population and could be seen on almost every corner of the village.|alba
alba/2_376.wav|They are in the wrong.|alba
alba/1111.wav|This is second best to the month in which we opened.|alba
alba/2_204.wav|Nor is he allowed out without permission.|alba
alba/3351.wav|The thing is back with the Commons.|alba
alba/1287.wav|We feel that you should take an active role in world affairs.|alba
alba/2041.wav|Yet the work is already under way.|alba
alba/1002.wav|There are just so many things to be taken into account.|alba
alba/068.wav|Always, it is the children who suffer.|alba
alba/2943.wav|Whichever it is, there is no denying Anderson has created a moment to remember.|alba
alba/1571.wav|Union officials were told the news at an emergency meeting in Luton.|alba
alba/1_186.wav|It was no more than they deserved.|alba
alba/458.wav|Mercifully, one of the coach's apparent problems is not really one at all.|alba
alba/2854.wav|He did not ask for it, and he is acutely aware of the disappointment the Prime Minister's decision represented for Helen Liddell.|alba
alba/1895.wav|I think it is pretty premature to answer that.|alba
alba/1_423.wav|Hide behind a facade?|alba
alba/482.wav|It will be, should be, an emotional day for everyone.|alba
alba/1510.wav|He is the exception.|alba
alba/2_359.wav|But avoid the thatcher.|alba
alba/3760.wav|For me it is the best of both worlds.|alba
alba/1350.wav|Some form of interaction took place.|alba
alba/3414.wav|I resisted it.|alba
alba/3213.wav|I won silver two years ago, but nothing in Sydney.|alba
alba/741.wav|But, then, he has not been consulted on the matter, which is one reason for the tension that now exists between him and the festival management.|alba
alba/2012.wav|It is surely also a farcical one.|alba
alba/4005.wav|We have to realise we have lost the battle and live with it.|alba
alba/2768.wav|But could they persuade him to move?|alba
alba/2_074.wav|She had denied the charge.|alba
alba/1105.wav|But we are going to have to be at the very top of our game to compete with them.|alba
alba/4034.wav|I was giving a riding lesson at the time.|alba
alba/1761.wav|It is almost like a family.|alba
alba/1299.wav|The review has been conducted by the Scottish Office with the aim of getting the best value for money.|alba
alba/620.wav|It has been a remarkable effort.|alba
alba/684.wav|He is completely dedicated in his work ethic.|alba
alba/3046.wav|And they told me that when they were coming up everyone knew that chorus.|alba
alba/054.wav|We are proud of what we have done in New York and we believe it can be replicated elsewhere.|alba
alba/3247.wav|I don't believe you own anything.|alba
alba/2376.wav|We are looking to qualify for the next major championship.|alba
alba/1036.wav|It's nice to be involved.|alba
alba/1_061.wav|In principle, we think this is a good idea.|alba
alba/1972.wav|The concerns are the same.|alba
alba/1520.wav|It will be a great achievement for them, but it won't be easy.|alba
alba/3221.wav|We will propose a new role for national parliaments in European decision-making.|alba
alba/1540.wav|That will not continue.|alba
alba/111.wav|The torso of a Port Authority police officer was also found.|alba
alba/3811.wav|He went on, This is a family day.|alba
alba/143.wav|The good news is that he has yet to hit his stride.|alba
alba/639.wav|He said there was an acknowledgement on both sides that progress was being made on human rights.|alba
alba/1_252.wav|That would happen either today or tomorrow morning.|alba
alba/711.wav|The international interest in Edinburgh has never been greater.|alba
alba/1_311.wav|The luxury has been well used.|alba
alba/2529.wav|It was not an insult.|alba
alba/154.wav|I felt very comfortable.|alba
alba/3022.wav|There are some good players in there as we have always said.|alba
alba/2_061.wav|It is a gamble.|alba
alba/2_056.wav|I'm sure he does.|alba
alba/1343.wav|But that's not all there is to it, of course.|alba
alba/1626.wav|I have difficulties with my family.|alba
alba/2819.wav|Their risk of dying from the disease was then compared.|alba
alba/972.wav|This season is not over.|alba
alba/3939.wav|We were extremely disappointed.|alba
alba/2342.wav|He is someone with a bit of character about him and he showed that today.|alba
alba/449.wav|Would cover Scotland.|alba
alba/921.wav|He added that he felt undermined.|alba
alba/1366.wav|But things do not go altogether as she had hoped.|alba
alba/948.wav|If anything, the opposite was the case.|alba
alba/4024.wav|There is a degree of confusion.|alba
alba/996.wav|It was typical.|alba
alba/1994.wav|He didn't like that a bit.|alba
alba/2082.wav|A Bill to amend the law was published yesterday and will be debated today.|alba
alba/2433.wav|Scotland has been put in a position of shame.|alba
alba/2_404.wav|Ah, the media has been great.|alba
alba/2_165.wav|I was just doing my job.|alba
alba/3530.wav|Basics are what we talked about.|alba
alba/1209.wav|It has been a big problem for the national side and it's a problem for everybody.|alba
alba/333.wav|However, once they did they were unstoppable.|alba
alba/3300.wav|One of their cities is in the water.|alba
alba/1413.wav|They get a lot of information from day to day and details about movements.|alba
alba/370.wav|I didn't feel good.|alba
alba/3724.wav|A lot of people are here with their kids.|alba
alba/3632.wav|The application is likely to be heard in November.|alba
alba/2222.wav|This is going to be very important to us.|alba
alba/2437.wav|The way things are going, every point is a prisoner.|alba
alba/382.wav|We are left with the suspicion that that is the intention of this Government.|alba
alba/702.wav|I did not know exactly what was wrong with my neck.|alba
alba/3878.wav|He is always available to help.|alba
alba/521.wav|He will make adjustments to the side, to the approach of the team, and to the personnel.|alba
alba/1_070.wav|However, he said it would likely bring a chill.|alba
alba/4009.wav|We are not in the business of making knee-jerk reactions.|alba
alba/1_215.wav|That's not the way to think.|alba
alba/1755.wav|Nobody is telling us the facts.|alba
alba/1005.wav|Thus far we have received no complaints.|alba
alba/1_224.wav|He will be denying the charges.|alba
alba/2643.wav|But they have just lost one game.|alba
alba/1_202.wav|But the currency is not accepted.|alba
alba/932.wav|He is wanted by German police for questioning.|alba
alba/1356.wav|We can do the same.|alba
alba/1310.wav|No-one else is like Michael Jackson.|alba
alba/1263.wav|If it did, then it was probably because of the sacrifices made by Peter Darrell.|alba
alba/833.wav|They have indicated that to us.|alba
alba/3177.wav|They will be held a maximum of one week.|alba
alba/3863.wav|We will work with the council to make sure that all concerns of local residents are addressed.|alba
alba/3746.wav|She suspected there might be an element of it, but decided to press on and find another route.|alba
alba/3692.wav|It is a perennial dilemma.|alba
alba/3162.wav|And it seems to me that it would lead to confusion over who has the final authority.|alba
alba/2286.wav|I have a great deal of respect for Glasgow.|alba
alba/079.wav|Suggestions that the deal was dead in the water have now gone.|alba
alba/2423.wav|He could get round it in a number of ways.|alba
alba/1893.wav|We are sorry.|alba
alba/2_111.wav|All their players are contracted for sevens.|alba
alba/457.wav|But it is a way of looking at it.|alba
alba/2_421.wav|Something has to be done about that.|alba
alba/1_337.wav|There was no contest.|alba
alba/3031.wav|He believed there was no useful purpose in bringing her up.|alba
alba/2104.wav|When we went to check on them they had gone.|alba
alba/1942.wav|This is the crowning moment for us.|alba
alba/2953.wav|Confidence at the back is as brittle as it has ever been.|alba
alba/1827.wav|He was the happier manager.|alba
alba/3958.wav|But it is difficult to know what we can do.|alba
alba/279.wav|It was a good performance before our European game.|alba
alba/1223.wav|The pity is she doesn't do anything very interesting with them.|alba
alba/1_079.wav|I could hardly walk.|alba
alba/2894.wav|Make it Wright.|alba
alba/608.wav|They have energy and music.|alba
alba/1044.wav|Glasgow City Council has refused to say when it plans to remove the campaigners.|alba
alba/412.wav|He seems to be making a good recovery and is looking forward to going home.|alba
alba/3603.wav|That is not what this game is all about.|alba
alba/2_249.wav|Mr Forrester reacted angrily.|alba
alba/3038.wav|The Musicians Union has been very helpful in all of this.|alba
alba/3540.wav|He has not done that so far and he has excluded us from everything that has gone on.|alba
alba/714.wav|After that Motherwell had only one other attempt on target.|alba
alba/2649.wav|The jury is still out.|alba
alba/2325.wav|I was more worried about his living conditions.|alba
alba/1047.wav|This is the second time they have beaten them in four days.|alba
alba/1_302.wav|We've had our problems at the club.|alba
alba/417.wav|But tomorrow night in the Stadium, the pressure will be greater on their players than on us.|alba
alba/1478.wav|That is really the heart of it all.|alba
alba/2796.wav|I simply couldn't believe it.|alba
alba/540.wav|We've all agreed that this will be our final year.|alba
alba/1362.wav|It is all in the mind.|alba
alba/2_162.wav|Souter will be back.|alba
alba/3165.wav|We are keen to widen access to all our performances.|alba
alba/734.wav|The Prime Minister has been in touch.|alba
alba/320.wav|We don't know what problems we will encounter along the way.|alba
alba/437.wav|In addition, a hard line was taken with Edinburgh , and Argyll and Bute.|alba
alba/2478.wav|I just don't believe it.|alba
alba/1008.wav|It is like a football team.|alba
alba/1905.wav|I think this is heavy-handed.|alba
alba/1604.wav|We wait to find out if he will be allowed interim release on bail.|alba
alba/2534.wav|So what are they trying to sell?|alba
alba/2_040.wav|We didn't play well and will certainly improve.|alba
alba/2_209.wav|Those who are unwilling or unable to improve.|alba
alba/2642.wav|We know that millions of people will be watching.|alba
alba/743.wav|I said that was fine.|alba
alba/1429.wav|It was a difficult discussion with the people at the label.|alba
alba/3082.wav|I play to win.|alba
alba/2539.wav|There are a lot of advantages.|alba
alba/547.wav|That comparison does not stand up to scrutiny.|alba
alba/4046.wav|We were playing catch-up and didn't hit a rhythm.|alba
alba/3783.wav|I have been putting up with this for two years now.|alba
alba/896.wav|Maybe his time has gone.|alba
alba/2503.wav|There was to be no repeat at Somerset Park last night.|alba
alba/3398.wav|They are never a problem and are always very good to work with.|alba
alba/1965.wav|That number was almost half the previous year.|alba
alba/2_137.wav|We are still going ahead with our plans.|alba
alba/1_333.wav|I am not worried.|alba
alba/1587.wav|We are hoping to see the three men to talk about it.|alba
alba/3972.wav|I find that unbearable.|alba
alba/3906.wav|And then we thought there may have been an accident.|alba
alba/788.wav|The situation is still exactly the same.|alba
alba/605.wav|That, of course, was their job and they should not be blamed for it.|alba
alba/724.wav|That fact was confirmed by the First Minister's spokesman.|alba
alba/2546.wav|It will be interesting.|alba
alba/3362.wav|But in the meantime we will be reviewing the detail of their claim.|alba
alba/264.wav|That leaves him just one option.|alba
alba/2902.wav|We are in a strong position to see off any future problems.|alba
alba/3888.wav|Mr. McConnell had earlier insisted again that he was leading a united party in Holyrood.|alba
alba/2_383.wav|They have to work so hard.|alba
alba/1775.wav|Everyone here is very sad.|alba
alba/2039.wav|We didn't perform well in Glasgow and they deserved to beat us.|alba
alba/1_396.wav|This is really a wake-up call.|alba
alba/2_200.wav|So the Government will be damaged.|alba
alba/1_369.wav|His hand was above his head.|alba
alba/1894.wav|I started on fires a couple of times.|alba
alba/2780.wav|Everton on Monday will be a different matter.|alba
alba/2_155.wav|It is helping the big clubs again.|alba
alba/1152.wav|I was disappointed.|alba
alba/1519.wav|The accident happened on Sunday.|alba
alba/2_387.wav|I didn't play too badly, but not well enough.|alba
alba/1213.wav|He is a guy who is going to make things happen.|alba
alba/1677.wav|Why does it always seem to happen in that part of Scotland?|alba
alba/1462.wav|Officials were unable, however, to explain how the doctor's condition was not detected.|alba
alba/3173.wav|The workers said they were treated like animals.|alba
alba/4045.wav|She said it was difficult appearing as a witness recalling those years.|alba
alba/281.wav|Somebody else would have to be employed to do the work.|alba
alba/2661.wav|They are female and married.|alba
alba/448.wav|The majority are hard to find.|alba
alba/2_225.wav|I don't remember being a child.|alba
alba/1001.wav|Nothing is happening.|alba
alba/2822.wav|I never ever regretted my decision to play for money.|alba
alba/122.wav|And he can be openly emotional, too.|alba
alba/1665.wav|His case is listed to be heard at Peterborough Magistrates Court tomorrow morning.|alba
alba/3837.wav|He took time to explain his decisions to the supporters.|alba
alba/2500.wav|It is a love affair.|alba
alba/078.wav|These discoveries could lead to new treatments for some diseases.|alba
alba/3180.wav|The council said only that the action against the assistant director was as a result of gross misconduct.|alba
alba/1936.wav|They will do well against Australia.|alba
alba/366.wav|I am going to fight to the end.|alba
alba/2758.wav|The dispute between the Ministry of Agriculture in London and the Scottish Executive has been played down in Edinburgh.|alba
alba/3991.wav|He lived in that.|alba
alba/1873.wav|It is going to be very hard to make that team.|alba
alba/1_408.wav|I am not leaving the sport in disarray.|alba
alba/1053.wav|First and foremost, the game is entirely different.|alba
alba/2_064.wav|Euan is a friend of our family.|alba
alba/3098.wav|I thought it was a post match invitation!|alba
alba/2152.wav|I haven't been able to find out a lot about it.|alba
alba/029.wav|You can keep prodding a crocodile once it's spotted you, but you need cunning and daring!|alba
alba/666.wav|We want more millionaires.|alba
alba/1_042.wav|It makes no difference.|alba
alba/2590.wav|My view?|alba
alba/376.wav|Let's get this over with.|alba
alba/2712.wav|We want to be up front.|alba
alba/374.wav|Yet it does not lose appeal.|alba
alba/123.wav|We are not Milosevic.|alba
alba/1135.wav|The coaches agreed the spirit of the club is what has really come through.|alba
alba/2_127.wav|Everyone could see it, apart from Kevin Keegan.|alba
alba/1550.wav|Still, he did not let himself down this week.|alba
alba/1742.wav|Residents in these areas will require permits to park in a nearby car park.|alba
alba/2360.wav|Can you see any other commander taking advantage of the situation the way he would have?|alba
alba/1696.wav|Let it go.|alba
alba/2_148.wav|He said to me.|alba
alba/1_247.wav|But that is all behind him.|alba
alba/2339.wav|It's a policy that works in the cinema, so why not the theatre?|alba
alba/2828.wav|I did not make any allegations.|alba
alba/1617.wav|We are a new party trying to be involved in the new politics of Scotland.|alba
alba/2_256.wav|He issued a rallying call to his people.|alba
alba/1822.wav|Neither could be contacted last night.|alba
alba/1332.wav|I felt it was dangerous for my family and my wife was utterly terrified.|alba
alba/1809.wav|I don't know what the trick is.|alba
alba/993.wav|You know how it is the week before the European Cup.|alba
alba/046.wav|He looked like he had fleas; he probably had a broken rib and he was bleeding too.|alba
alba/1947.wav|That's four very good signings we have made within the past week.|alba
alba/907.wav|I would suggest that is the best thing to do.|alba
alba/1798.wav|That's why we are getting more cases passed on to us.|alba
alba/2525.wav|This review appeared in Saturday's later editions.|alba
alba/2990.wav|Money is ruining rugby.|alba
alba/1616.wav|It is best value.|alba
alba/1568.wav|It is up to the health board to consider any proposals and bring them forward.|alba
alba/2136.wav|Six months later, they returned to Scotland.|alba
alba/2282.wav|The burden of expectation is not bothering Moodie.|alba
alba/1664.wav|Patience and understanding are needed.|alba
alba/1741.wav|But the role is a waste of his talents and time.|alba
alba/2951.wav|We haven't actually considered it down here.|alba
alba/2_377.wav|Instead they were openly attempting to be helpful.|alba
alba/1782.wav|After that, there are a clutch of clubs.|alba
alba/2_398.wav|Most of them were one-year conscripts.|alba
alba/1907.wav|We were on top and could have won.|alba
alba/3847.wav|Sadly it is a mess.|alba
alba/1802.wav|That's a lot of bodies to tolerate.|alba
alba/3572.wav|Mr. McLeish said on Sunday that he repeated again last night that this would not happen again.|alba
alba/2_214.wav|Rugby is the best game in the world.|alba
alba/136.wav|This year we can really feel the resurrection.|alba
alba/1_295.wav|Nothing much ever happens in The Office.|alba
alba/2277.wav|There can be no risk from this meat.|alba
alba/3290.wav|To be fair to their manager, Ebbe Skovdahl, he indicated after the latest defeat that he knows the problem, but could have trouble trying to find the answer.|alba
alba/2711.wav|The police were called in.|alba
alba/2255.wav|It is not a war that we decided to embark upon.|alba
alba/881.wav|It doesn't feel it.|alba
alba/2396.wav|If you can get away with it, you do it.|alba
alba/3590.wav|It tells the story of a woman who has probably been abused.|alba
alba/1180.wav|The first time you read a play.|alba
alba/1_187.wav|The time is up for Iraq to comply.|alba
alba/2526.wav|For Mr Graham, it was just a sham.|alba
alba/410.wav|But for our keeper we could have lost by five or six goals.|alba
alba/453.wav|Lord Reed is hearing evidence at the Court of Session and is expected to give a written decision later.|alba
alba/1662.wav|And Edinburgh have been getting stronger with every game.|alba
alba/773.wav|I have come here to fight the boxer, not the fans.|alba
alba/2427.wav|After tea he saw the children.|alba
alba/3791.wav|It certainly sounded it at the times.|alba
alba/1766.wav|Jim Wallace has been running the Government.|alba
alba/1315.wav|From our experience, this is unusual and a very worrying development.|alba
alba/986.wav|Last night, the row continued.|alba
alba/3116.wav|Some of their movement was excellent.|alba
alba/3269.wav|So, why does he do it?|alba
alba/2_392.wav|She was puzzled.|alba
alba/1169.wav|These are the facts.|alba
alba/2001.wav|Still, it happens to us all.|alba
alba/586.wav|This was the second in as many days but this one was closer than the previous one.|alba
alba/2562.wav|We are being hijacked.|alba
alba/2846.wav|Overall this was a big improvement, but we've got to be realistic about the fact that Scotland have had a bit of a break as well.|alba
alba/481.wav|I was in tears in the street.|alba
alba/960.wav|She might be able to go home two to three months after separation.|alba
alba/1_277.wav|How can anyone justify that?|alba
alba/2993.wav|The rest of the year it will be shown in Glasgow.|alba
alba/3202.wav|Some characters are having a good time, but some just want to go home.|alba
alba/1_228.wav|Thereafter, he set his mind on becoming a doctor.|alba
alba/1921.wav|Already the children are dying.|alba
alba/575.wav|Facing Ryan will be hard.|alba
alba/2332.wav|The criteria are very complicated.|alba
alba/3130.wav|Make sure you see it.|alba
alba/2994.wav|She had visited India last year.|alba
alba/3825.wav|Friends had described the couple as being devoted to each other.|alba
alba/3324.wav|Now, the money is building up all the time and players see it on a different level.|alba
alba/3062.wav|The terms of office of some members of the inner cabinet had also come to an end.|alba
alba/2949.wav|I've come here for the jersey.|alba
alba/2_420.wav|The man is quality.|alba
alba/059.wav|Neither is likely to win the argument, because too many questions remain unanswered.|alba
alba/3499.wav|The document also claimed that the Labour Party in London had given advice to the Labour group.|alba
alba/977.wav|We were all in the water.|alba
alba/878.wav|This is definitely because of the World Cup.|alba
alba/2579.wav|It would be my dream to go back and play against them.|alba
alba/518.wav|But this was refused.|alba
alba/421.wav|She worked hard for the school and raised a lot of funds.|alba
alba/3735.wav|This is horrible.|alba
alba/493.wav|It is a nonsense.|alba
alba/987.wav|There's a lot of disappointment that there's no extra funding.|alba
alba/2107.wav|Workers leaving the factory said they were devastated by the news.|alba
alba/565.wav|The development is another crippling setback for the struggling textile industry in Scotland.|alba
alba/3885.wav|We will have to wait to see if that is given to us.|alba
alba/2592.wav|Tiger Woods has won two majors and will get over the horrors of Saturday at Muirfield.|alba
alba/2_120.wav|But this week is very important.|alba
alba/3291.wav|The South of France is mental when it comes to rugby, but it is good to play in.|alba
alba/498.wav|He added that the council and Scottish Parliament elections should not have been held on the same day.|alba
alba/2035.wav|The party will make up its own mind.|alba
alba/3591.wav|From that point, they went on to win the Five Nations Championship in some style.|alba
alba/1_077.wav|I don't need any extra pressure.|alba
alba/2583.wav|He will get his chances.|alba
alba/2165.wav|A Home Office spokesman also declined to comment.|alba
alba/1483.wav|He is ahead of the record by two days, but he still has a long way to go.|alba
alba/2_043.wav|Lambie saw it rather differently.|alba
alba/3015.wav|There is even a fishing tackle shop.|alba
alba/275.wav|And no amount of money can make you any more committed.|alba
alba/2736.wav|They should have been thinking about the wider picture.|alba
alba/944.wav|I believe there will be benefits from this process.|alba
alba/1115.wav|We get depressed.|alba
alba/651.wav|And you know what?|alba
alba/1411.wav|He appealed for information from the public about the fire.|alba
alba/2619.wav|I wondered about changing back to rugby.|alba
alba/2403.wav|The system is inconsistent.|alba
alba/1_081.wav|Andy Goram is still The Goalie.|alba
alba/2_158.wav|We were worried about his knee.|alba
alba/1067.wav|Everything is in the balance.|alba
alba/1512.wav|Raymond was always on the outside.|alba
alba/1_206.wav|He wanted to record the group.|alba
alba/2879.wav|But if you want something new, it's not possible in Austria.|alba
alba/3706.wav|We have never managed to quantify this before.|alba
alba/096.wav|They were invited to give their view of the way ahead for the club.|alba
alba/3718.wav|We are very grateful for the investment they have made.|alba
alba/3061.wav|But anyone will tell you, this is the glamorous side, and it's only for a week a year.|alba
alba/2942.wav|We must be the most deprived area, in terms of hospital provision, in Britain.|alba
alba/2151.wav|Equity declined to comment.|alba
alba/1659.wav|There is no point in complaining.|alba
alba/2853.wav|Olivier Magne was outstanding.|alba
alba/1222.wav|The story was accurate and, we believe, in the public interest.|alba
alba/2947.wav|Later in the day he was forced to explain his position.|alba
alba/2349.wav|Their release will be acceptable to the public only if there is a guarantee that they will not offend again.|alba
alba/1407.wav|At this election, we were really defeated, last time we were just rejected.|alba
alba/2739.wav|The tragedy is they have so little to show for it.|alba
alba/1682.wav|The Convention of Scottish Local Authorities also welcomed the plan.|alba
alba/797.wav|It depends on the internal discussions in the Ministry of Defence.|alba
alba/2600.wav|But such are the ways of keepers of the flames.|alba
alba/609.wav|Star and producer were in agreement about their opinion of the director.|alba
alba/3489.wav|We don't want a pension scheme which is going down and down in value and people being told two things.|alba
alba/2_396.wav|Is the data new?|alba
alba/1580.wav|I'm sure there will be people who say there are problems.|alba
alba/3788.wav|Montgomerie, though, refuses to get involved.|alba
alba/077.wav|Their loyalty is taken for granted.|alba
alba/3672.wav|They were hoping to make the process as competitive as possible.|alba
alba/761.wav|I don't see why he thought there was going to be trouble.|alba
alba/082.wav|I've been fortunate to work under some really good managers.|alba
alba/2_394.wav|The Israeli government is destroying the peace process.|alba
alba/1845.wav|To come back from something like that shows a lot of intestinal fortitude.|alba
alba/820.wav|Obviously this is worrying, but not unexpected.|alba
alba/2883.wav|And that is a matter of major concern to us.|alba
alba/2836.wav|After this, they were always in the driving seat.|alba
alba/581.wav|I did not know how to feel about that.|alba
alba/3548.wav|How could it be anything else?|alba
alba/762.wav|We can turn this around.|alba
alba/2294.wav|But he wasn't much of a singer.|alba
alba/1467.wav|We will have to see  whether it is right that it should be done by an Order in Council.|alba
alba/2998.wav|Sadly, life is for the living.|alba
alba/3132.wav|Skovdahl was not for speculating on who will be fit for the flight.|alba
alba/2773.wav|The players have already gone to the changing room.|alba
alba/1_415.wav|This was very important to me.|alba
alba/3397.wav|All six of our restaurants are situated close to the area around the World Trade Centre.|alba
alba/3711.wav|We will seek the backing of the parliament and executive for pressure to be exerted on the government.|alba
alba/2_289.wav|He is a very talented player.|alba
alba/1046.wav|It's been frustrating, but you just have to get on with it.|alba
alba/1634.wav|Try to be the best you can be.|alba
alba/2496.wav|It is maybe the result of a very long season.|alba
alba/2_143.wav|People are using it in their daily lives.|alba
alba/1877.wav|I think the Commission has been very, very slow to react.|alba
alba/1851.wav|Our position remains the same.|alba
alba/1491.wav|I understand why they are backing him.|alba
alba/3024.wav|So what did he do?|alba
alba/2_112.wav|His remarks appear to have had an effect.|alba
alba/2124.wav|It has been very frustrating.|alba
alba/1136.wav|We just had a go.|alba
alba/3922.wav|It's also the way they relate to their audience.|alba
alba/1980.wav|McGeechan was not at the match, which may not yet be a burning issue, but it is at least a bone of contention with many players on both sides.|alba
alba/2249.wav|We will have to be far more committed at the breakdowns.|alba
alba/1023.wav|Everything about them is identical except for the text.|alba
alba/3657.wav|After all, they were against the top team in the country at the moment.|alba
alba/1676.wav|It is absolutely untrue.|alba
alba/2401.wav|She has been unable to work since.|alba
alba/3248.wav|She is believed to be in South Africa.|alba
alba/2_271.wav|People have no chance of getting out.|alba
alba/2_351.wav|The people here are quite reserved.|alba
alba/3109.wav|We will be keeping a very close eye on this.|alba
alba/2840.wav|The Royal Society of Edinburgh will also investigate the disease in Scotland.|alba
alba/3136.wav|Mr Ross had been recommended.|alba
alba/1452.wav|Bayer Leverkusen are a prime example of that.|alba
alba/2473.wav|I have done very badly and let myself down.|alba
alba/978.wav|The confidence is high.|alba
alba/2537.wav|Mr Wilson said later, We are winning the argument.|alba
alba/3570.wav|I don't want to say too much about it until we have got the go-ahead, but we have got a meeting with Scottish and we are very excited about it.|alba
alba/2_401.wav|I can't do it.|alba
alba/1_116.wav|So it was in politics.|alba
alba/2_272.wav|I am very, very happy.|alba
alba/2453.wav|It was a great result for us.|alba
alba/1112.wav|She will be motivated to get a win against me.|alba
alba/1086.wav|All his life he has had a golf club for a home.|alba
alba/234.wav|Annual contribution Connery still has an address in London, where he used to be on the electoral register.|alba
alba/1777.wav|I am not changing my mind.|alba
alba/147.wav|Does anyone have a holiday home in Kilmarnock?|alba
alba/1_352.wav|I thought that was our best team.|alba
alba/3390.wav|This is, though, an away game even though it is in Scotland and we haven't been performing away from home.|alba
alba/3333.wav|We are finished by what has happened.|alba
alba/1_351.wav|He should go and go now.|alba
alba/3669.wav|But then, maybe, that's all we can expect.|alba
alba/018.wav|Aristotle thought that the rainbow was caused by reflection of the sun's rays by the rain.|alba
alba/1681.wav|That was the theory, anyway.|alba
alba/1193.wav|What is this all about?|alba
alba/2436.wav|We are delighted at the response of the Which?|alba
alba/1657.wav|Those still awaiting decisions would remain in detention.|alba
alba/3460.wav|Now, they have nothing to lose, and will be more relaxed.|alba
alba/576.wav|It is the tip of the iceberg.|alba
alba/2086.wav|I should have had at least a couple of goals.|alba
alba/1_365.wav|The place was gone.|alba
alba/2975.wav|Little wonder this one was a rollercoaster.|alba
alba/2784.wav|Her body has never been found.|alba
alba/911.wav|People have died.|alba
alba/1658.wav|It is not even that we are not very good any more, it has gone beyond that.|alba
alba/3128.wav|No date has been arranged for presentation of the awards.|alba
alba/880.wav|I thought he was the right man at that time, but in hindsight it could be put across as a bad decision.|alba
alba/1846.wav|His technical ability to hit a golf ball was never in question, but his temperament was.|alba
alba/420.wav|This is excellent news for the area.|alba
alba/3737.wav|My family, health and golf is always a balancing act.|alba
alba/1150.wav|But we will never know.|alba
alba/1974.wav|Go back and tell them that.|alba
alba/1_319.wav|I wanted to protect the succession.|alba
alba/4019.wav|What it means to be a Republican is to believe in unity.|alba
alba/108.wav|This is the way we are going to do business in future with these people.|alba
alba/3517.wav|They are bitterly ashamed of their condition and reluctant to talk about it.|alba
alba/2081.wav|This was a day for the players.|alba
alba/807.wav|I couldn't have asked for a better introduction.|alba
alba/3523.wav|He was dead.|alba
alba/1844.wav|His experience to the team was invaluable.|alba
alba/1254.wav|I cannot cope.|alba
alba/2831.wav|We know this is a massive game which could be a turning point in our season.|alba
alba/3703.wav|I am delighted to be involved in the build-up.|alba
alba/3598.wav|The government continues to believe that any reduction in oil prices should be passed on to the consumer.|alba
alba/549.wav|Racism is not tolerated and is not part of Scottish rugby.|alba
alba/2_326.wav|We are not a parish council.|alba
alba/3691.wav|My game as it is is good enough to beat anybody.|alba
alba/1695.wav|This is not surprising.|alba
alba/1018.wav|It is not normal practice.|alba
alba/3167.wav|Military pressure also continued.|alba
alba/1_388.wav|Maybe he is right.|alba
alba/2_117.wav|Our traditions and culture remain the same.|alba
alba/1401.wav|They represented a hugely skilled and talented potential workforce.|alba
alba/2_202.wav|Ali was shot at, but refused to back down.|alba
alba/899.wav|Just two months ago it seemed an unlikely threat.|alba
alba/2865.wav|People need to know if there is a danger on the beaches they are using.|alba
alba/1226.wav|The only effective way of dealing with it is, however, for the identity of the bullies to be given to the school authorities and, if necessary, to the police.|alba
alba/2_312.wav|He never has been.|alba
alba/2489.wav|They went on to prove it in the one game.|alba
alba/774.wav|No date has been set for the hearing, which leaves the player free to take part.|alba
alba/3457.wav|I don't want to say anything more than that.|alba
alba/1430.wav|By that time a lot of things can happen.|alba
alba/1_359.wav|This is just the beginning, the first step.|alba
alba/1_080.wav|This is a dream come true.|alba
alba/2620.wav|Hendry will be captain.|alba
alba/1158.wav|That's what we call him here.|alba
alba/274.wav|I will always be profoundly grateful to the American people for giving me a second chance.|alba
alba/351.wav|All the hard work was done in the first half.|alba
alba/640.wav|They did not know what had hit them.|alba
alba/2754.wav|There is no link between the newspaper article and my resignation.|alba
alba/3334.wav|A consistently good performance is important.|alba
alba/158.wav|Civil defence is going to be a major issue in the coming months, and Parliament should be discussing this now.|alba
alba/1860.wav|To buy is to be.|alba
alba/1170.wav|Why the need to wait for letters on the issue?|alba
alba/1569.wav|They can go to no other method of fishing.|alba
alba/1465.wav|Would that be a good idea?|alba
alba/367.wav|Or, at least, we hope so.|alba
alba/1_382.wav|I am sorry about the record.|alba
alba/3161.wav|It was a long time coming.|alba
alba/3424.wav|He must be confident and in this game you have to be confident.|alba
alba/2515.wav|We are and have always been committed to resolving this issue without conflict.|alba
alba/2470.wav|They are difficult awards to decide.|alba
alba/302.wav|The writers have been able to do this because they all have supportive partners.|alba
alba/3855.wav|It is unfair to ask me about this.|alba
alba/1_379.wav|We were providing venture capital.|alba
alba/1020.wav|John McAllion reflects the majority opinion in Scotland.|alba
alba/1807.wav|I would be very keen to see it continue.|alba
alba/2299.wav|But these young players who came in today, they might arrive at that level also.|alba
alba/3042.wav|We are delighted that the principle in support of the concept is now all-inclusive.|alba
alba/1549.wav|My life has changed in the process.|alba
alba/2148.wav|We are still alive and kicking.|alba
alba/3456.wav|My game is in pretty good shape.|alba
alba/163.wav|It might not even be a woman.|alba
alba/1455.wav|We lost?|alba
alba/2644.wav|However, it has never before lost a case that has gone to judicial review.|alba
alba/3597.wav|We do have very active supporters in Scotland.|alba
alba/1098.wav|A good actor doesn't think.|alba
alba/2_296.wav|It is a great day for Scotland.|alba
alba/1_367.wav|But they will be undeserved.|alba
alba/2_027.wav|I'm pleased about one thing.|alba
alba/696.wav|It does not mean we are complacent.|alba
alba/2_213.wav|We'll see what happens.|alba
alba/941.wav|There is a majority for action.|alba
alba/2_037.wav|The Scottish Parliament is his legacy.|alba
alba/956.wav|We must be doing something right.|alba
alba/3970.wav|The whole point about pollen is that it is designed to travel.|alba
alba/3070.wav|My coach is not going to be happy about that.|alba
alba/133.wav|We are just excited that it is now all over.|alba
alba/2_299.wav|I also thought, This is a feature film.|alba
alba/995.wav|He must have been in the wrong place at the wrong time.|alba
alba/601.wav|And not everybody is represented.|alba
alba/3193.wav|Vogts has four weeks in which to find a solution.|alba
alba/2996.wav|I would like to continue to develop.|alba
alba/769.wav|He was a musician, but gave it up to support the family.|alba
alba/984.wav|You are about to see or be told about a classic contest in the history of the game, starting this morning.|alba
alba/840.wav|Secondly, we have prevailing a laddish culture, and this is part of it.|alba
alba/256.wav|However, we cannot determine the extent of the loss of life or verify the nature of the victims.|alba
alba/2519.wav|I will be very keen to see the outcome of the inquiry.|alba
alba/2363.wav|Our preparation has not been good.|alba
alba/721.wav|We want to improve.|alba
alba/3940.wav|However, his involvement was instant.|alba
alba/2_203.wav|We are not conducting the review.|alba
alba/3655.wav|I have proved that in the past.|alba
alba/1460.wav|It's very simple.|alba
alba/3588.wav|That wouldn't do.|alba
alba/3033.wav|I don't care about any of that stuff.|alba
alba/584.wav|Now, though, he has an incentive.|alba
alba/3673.wav|We are not going back to the Premier just to try to hang in there.|alba
alba/1_232.wav|Everything has increased.|alba
alba/2_268.wav|Yesterday's performance was exactly that.|alba
alba/3039.wav|I just want to put it all behind me and get on with things.|alba
alba/3106.wav|Their actions are an example of terrorism.|alba
alba/961.wav|The key to it all is relevance.|alba
alba/1594.wav|We can only go up.|alba
alba/3515.wav|This could happen today.|alba
alba/3416.wav|It's a will to win.|alba
alba/2434.wav|This matter has still to come before the European Parliament.|alba
alba/170.wav|This is a classic example of a psychotic phenomena.|alba
alba/3115.wav|He is clearly something of a catch.|alba
alba/3374.wav|I am now going home to buy my country.|alba
alba/1425.wav|Now, we have got a guarantee out of it.|alba
alba/229.wav|Don't let him get away with it.|alba
alba/659.wav|He reacts to situations.|alba
alba/1_156.wav|It was highly successful.|alba
alba/2594.wav|That's a hard one to top.|alba
alba/3243.wav|What is to be done with Ewan McGregor?|alba
alba/249.wav|I'm trying to focus on playing here, but it can be a distraction.|alba
alba/2_320.wav|That was no accident.|alba
alba/3311.wav|I am going to get abuse.|alba
alba/1774.wav|We are treating this incident with the utmost seriousness.|alba
alba/2_373.wav|Where do you think we go from here?|alba
alba/242.wav|The big thing here is the facilities.|alba
alba/3720.wav|There was, however, an amazing transformation in the second half.|alba
alba/2612.wav|Scotland's national company should be seen all over Scotland.|alba
alba/2737.wav|I have been told they will be in touch in the morning.|alba
alba/690.wav|That's all he tried to do.|alba
alba/1_056.wav|We accept the challenge.|alba
alba/2397.wav|Hibs were now intent on holding what they had.|alba
alba/2269.wav|Some believe that nationalism is the road to independence for Scotland.|alba
alba/3628.wav|Today's meeting was open and friendly.|alba
alba/1880.wav|I've been trying hard for a while to find something to improve my form on the greens.|alba
alba/2085.wav|These games are coming up in the next few months and they are very important to me.|alba
alba/2907.wav|We may have the richest people in the world in my country, but we also have the poorest.|alba
alba/223.wav|I was dead.|alba
alba/2034.wav|He is a politician to his fingertips.|alba
alba/1960.wav|He has done all the pre-season training with us, he has played in all the friendly games, and we were ready to build the team around him.|alba
alba/093.wav|These are people who have been separated from their families and worse.|alba
alba/683.wav|This is a business.|alba
alba/920.wav|There's no evidence that there was a spy.|alba
alba/1481.wav|At half-time we were quite happy to be only six points adrift.|alba
alba/3281.wav|That will not happen at all.|alba
alba/1037.wav|The Dutchmen was pleased with the result.|alba
alba/1_040.wav|The Indian people have been excellent.|alba
alba/1079.wav|As ever, the supporters had a thoroughly enjoyable time in Dublin.|alba
alba/656.wav|I don't think he is any good for the Labour Party.|alba
alba/2181.wav|It was quite simply, delicious.|alba
alba/3648.wav|I couldn't get out of bed.|alba
alba/3739.wav|It's fantastic to win again.|alba
alba/1731.wav|I have spoken to him and it has all been cleared up.|alba
alba/2455.wav|This is exactly what they should do.|alba
alba/3320.wav|Everyone wants to get it resolved.|alba
alba/190.wav|Only in Scotland does that happen.|alba
alba/3328.wav|But it is a challenge the government is determined to meet.|alba
alba/2_393.wav|Nicky wasn't getting much of an argument.|alba
alba/1_287.wav|But it is being pursued.|alba
alba/1181.wav|Ask me something which is of concern to you.|alba
alba/186.wav|It is a writers panel.|alba
alba/2_123.wav|We were looking forward to a good result.|alba
alba/2240.wav|The same could be said for Rangers - their league season could depend on what happens tomorrow, too.|alba
alba/2986.wav|This time, he was in the shower when the devastation happened.|alba
alba/1793.wav|If you can't make up your mind, you will be no use.|alba
alba/3019.wav|I played along with them.|alba
alba/3211.wav|Sub Not Used, McKee.|alba
alba/778.wav|They were terrific.|alba
alba/614.wav|I said that, for a young player, he would be happier.|alba
alba/1869.wav|There is no point in looking any further.|alba
alba/2867.wav|I can see that now.|alba
alba/3993.wav|On Saturday we made a few mistakes but we were much better today.|alba
alba/1252.wav|The executive has got to be given a chance to find its feet.|alba
alba/2425.wav|It would also have some commercial development to provide the balance of funds for the project.|alba
alba/3854.wav|She was then supported by family liaison officers as a statement was read out.|alba
alba/1276.wav|I will talk with him and then it's up to him after that.|alba
alba/1_298.wav|They were struggling.|alba
alba/3890.wav|However, the manager would not hesitate to put him in the side at Aberdeen.|alba
alba/1_062.wav|This resulted in the following.|alba
alba/1184.wav|It is a timely reminder as to why this exhibition is necessary.|alba
alba/1_109.wav|Help is needed.|alba
alba/2335.wav|I know what he means.|alba
alba/1_167.wav|I just decided to stay.|alba
alba/1910.wav|There'll be an example in the programme.|alba
alba/3084.wav|It is always difficult when so many new players arrive.|alba
alba/3158.wav|That is why this will be a difficult game - but we are ready.|alba
alba/1270.wav|That decision will be made over the next couple of days.|alba
alba/942.wav|The auction will be held tomorrow.|alba
alba/1508.wav|Maybe they did.|alba
alba/1_118.wav|Remember the following?|alba
alba/742.wav|They can only work a maximum of two hours on sector before getting half an hour off.|alba
alba/308.wav|We still have to consider the situation as it unfolds.|alba
alba/3104.wav|That is her job.|alba
alba/2_422.wav|The Farmer could not contain his jealousy.|alba
alba/2556.wav|They are still recovering from the effects of the attack, which was completely unprovoked.|alba
alba/1144.wav|I don't work out.|alba
alba/2944.wav|His argument is that as he can't control the spaces, it's nothing to do with him.|alba
alba/2862.wav|For others, that will only come with an independent inquiry.|alba
alba/3025.wav|But it is not just about that.|alba
alba/1_174.wav|The dangers of the quarry are evident.|alba
alba/1596.wav|Predictably enough, the film has been given the working title of The Flying Scot.|alba
alba/990.wav|Like the man said, he likes to work  .|alba
alba/2_189.wav|It is business as usual.|alba
alba/523.wav|Mini rugby is a great thing.|alba
alba/4022.wav|In most players that is the key to good form.|alba
alba/1_140.wav|Nobody knew that.|alba
alba/3812.wav|Thankfully, the photographer behind the images is easy to spot.|alba
alba/2832.wav|It would be nice to see the chancellor doing something about this situation.|alba
alba/3728.wav|I felt we deserved to win.|alba
alba/1926.wav|It was like having a vote of confidence in me and my family.|alba
alba/1576.wav|Unison is still pursuing a settlement covering this year alone.|alba
alba/2322.wav|With Lord Ali, he used his own money to hire offices in the shadow of Westminster Abbey.|alba
alba/2657.wav|We understand the changes in the world.|alba
alba/3664.wav|Music has been written and is owned by somebody.|alba
alba/1297.wav|They often believe them to be true, too, if only because they so badly want them to be.|alba
alba/2133.wav|Here is a weather forecast for the weekend.|alba
alba/718.wav|He went into everything.|alba
alba/2_211.wav|He doesn't know the value of the commission.|alba
alba/579.wav|Hearing the views of those involved in the sport is vital.|alba
alba/2548.wav|Mr Sheridan said he was disappointed but not surprised.|alba
alba/2357.wav|In making the choices that they did, the British people have given us our mandate.|alba
alba/2505.wav|That never happened.|alba
alba/1485.wav|Now he is ready to step up his involvement again.|alba
alba/3881.wav|I do not think that is good enough.|alba
alba/2573.wav|He was a genius.|alba
alba/1517.wav|Look at the family in it.|alba
alba/391.wav|His performances this season have been exceptional.|alba
alba/2116.wav|These are to remain unchanged.|alba
alba/1_100.wav|There is a changing of the guard.|alba
alba/3700.wav|Clearly he is going to have to cut down on a lot of things.|alba
alba/239.wav|This was a game which was won by the team today.|alba
alba/3138.wav|It took the better part of a week to achieve what should have taken three or four hours.|alba
alba/822.wav|He died at a nursing home near his home in Bath.|alba
alba/2475.wav|We tried a few things which just didn't work.|alba
alba/1757.wav|He was a big man with a commanding presence and a sincerity to match.|alba
alba/3574.wav|I want to reach out and be an inspiration.|alba
alba/119.wav|I will see what my situation is in December.|alba
alba/1_180.wav|You are like an animal.|alba
alba/2952.wav|I know why we are in Afghanistan.|alba
alba/853.wav|One of our main objectives for next year is to access that group of people, not just from Edinburgh but from across the country.|alba
alba/2743.wav|It is not the message alone.|alba
alba/871.wav|I was pleased with the shot that put him away.|alba
alba/475.wav|The performances were exemplary throughout.|alba
alba/2_041.wav|It is not like that in Holland.|alba
alba/2955.wav|The Army will be operating their green goddesses.|alba
alba/2264.wav|We have a very serious problem which has to be tackled.|alba
alba/890.wav|I kept away.|alba
alba/2088.wav|The last time the First Minister had anything to do with it was last year.|alba
alba/2_088.wav|I've got to be better than that- quite.|alba
alba/3218.wav|On Sutherland, Mr McLeish was giving nothing away yesterday.|alba
alba/2818.wav|The real issue is that pensions are under attack by employers and not enough is being done to protect them.|alba
alba/2_198.wav|But he did have a better second half.|alba
alba/2651.wav|It's not a threat.|alba
alba/866.wav|If they lose, a win for the Scots will take them to Manchester.|alba
alba/1275.wav|But everywhere the problems are the same.|alba
alba/2108.wav|She admitted the theft of letters and deception.|alba
alba/3639.wav|I just don't want to enter into that world.|alba
alba/2_283.wav|He'd be the first to admit that.|alba
alba/3063.wav|I don't think we will get to the stage of having troops in the town.|alba
alba/952.wav|Property from two robberies were found at that and a second address.|alba
alba/1106.wav|Sometimes you tend to know within yourself, although it's nice to get the confirmation.|alba
alba/660.wav|It is an improving picture and that is heartening.|alba
alba/4042.wav|It turned out that women were doing it for different reasons.|alba
alba/1857.wav|Penetration, it seems, is power.|alba
alba/1_390.wav|I don't have an agent.|alba
alba/1319.wav|I know the football in Scotland and England.|alba
alba/3235.wav|But what he doesn't understand is why the authority has to enforce the rules.|alba
alba/1570.wav|Perhaps it is jealousy.|alba
alba/2_314.wav|This means an awful lot to me.|alba
alba/959.wav|Everybody should get it or nobody should.|alba
alba/784.wav|I'm very relaxed about that indeed.|alba
alba/1142.wav|I told her to go out there and get a point and she got the job done.|alba
alba/1084.wav|But now we are saying it is more than that.|alba
alba/1724.wav|It is contradicted by the world rankings.|alba
alba/2987.wav|Apparently it would save a fortune.|alba
alba/3184.wav|Clearly, we could go on like this all day.|alba
alba/3873.wav|You'll see a class player.|alba
alba/053.wav|He is a quality player but still has a lot to learn about Scottish football.|alba
alba/1583.wav|They were definitely up for this one.|alba
alba/3500.wav|Maybe it will happen one more time.|alba
alba/3396.wav|Why is it commercially viable in these other countries but not in our country?|alba
alba/1_092.wav|I want him to win that battle.|alba
alba/2494.wav|When you look at the alternatives available to the manager then you have to accept that.|alba
alba/1_256.wav|But not every story is a success story.|alba
alba/2446.wav|And that really got me thinking about the way we look at the buildings around us, and our perceptions of change and decay.|alba
alba/2492.wav|But we remain on the look-out for a quality striker.|alba
alba/3413.wav|His case is being backed by the Commission for Racial Equality.|alba
alba/708.wav|What on earth is new with that?|alba
alba/1_074.wav|In Glasgow, there was not a single arrest.|alba
alba/3905.wav|There are a lot of examples.|alba
alba/427.wav|Instead, they could only draw against the Germans and United had to wait for other results around Europe.|alba
alba/2807.wav|I don't think it was as big a deal as everyone has made out.|alba
alba/474.wav|She had seen some of her relatives in the photograph.|alba
alba/1417.wav|He had lost his confidence again.|alba
alba/2234.wav|This was his professional integrity.|alba
alba/3817.wav|I am really looking forward to it.|alba
alba/3121.wav|The condition was that the charges would be dropped.|alba
alba/2850.wav|I asked him what had happened to her.|alba
alba/3693.wav|The others were to, establish a Highlands and Islands Committee in the Scottish Parliament.|alba
alba/2774.wav|It is absolutely delicious.|alba
alba/2291.wav|I am not a dirty player.|alba
alba/3293.wav|Neither is Scottish, but Moore already is well known to the public.|alba
alba/1400.wav|But the cost to his health was enormous.|alba
alba/1003.wav|It is that rugby in all parts of Britain, including England, will benefit from such a move.|alba
alba/1_143.wav|I don't think of that.|alba
alba/1_218.wav|There was nothing she could do.|alba
alba/1_303.wav|They don't tell you anything.|alba
alba/522.wav|I don't think the system is able to cope with heavy rainfall without overflowing.|alba
alba/3524.wav|The problem was in the schools and the answer was a Standard Grade and Higher in Scottish history, he said.|alba
alba/2_246.wav|It will be visible from all around.|alba
alba/1398.wav|It will make my chances of winning easier.|alba
alba/1129.wav|We are delighted to be back in business.|alba
alba/466.wav|He will be a good signing for the rest of the season.|alba
alba/1_198.wav|You'll have to ask him that.|alba
alba/348.wav|But that may not last.|alba
alba/3911.wav|Mark is keen to play.|alba
alba/2238.wav|If this is the case, it is extremely disappointing.|alba
alba/3365.wav|This is ridiculous.|alba
alba/3017.wav|Milosevic has been charged with genocide for planning the executions.|alba
alba/3332.wav|That is where they should always be playing their football.|alba
alba/2_083.wav|They have got to be considered.|alba
alba/1954.wav|There has been a steady progression in our form.|alba
alba/1911.wav|Poverty is one of those things that when you see it you know it.|alba
alba/1_078.wav|Nobody else is at risk.|alba
alba/3317.wav|It might be vital for the Italians, but not for the Scots.|alba
alba/3622.wav|They are quite aggressive.|alba
alba/860.wav|They are a very good team.|alba
alba/3496.wav|The test is designed to be fun in the mould of Who Wants to be a Millionaire?|alba
alba/2118.wav|Test the water.|alba
alba/1738.wav|I don't think he could really take it in.|alba
alba/2_307.wav|They finished second and third.|alba
alba/1_244.wav|Mr Clinton began again.|alba
alba/2930.wav|Additional damages were not justified.|alba
alba/1386.wav|It's all up to the United Nations to determine the composition.|alba
alba/2262.wav|There does not seem to be the need for them.|alba
alba/1_189.wav|But that would be missing the point.|alba
alba/3547.wav|At the moment, we certainly would not rule out continuing with the business.|alba
alba/409.wav|If they can do that then he believes that the fight for the championship will remain open.|alba
alba/1603.wav|Songwriting is no longer such an intimate and casual daily affair.|alba
alba/2_412.wav|Anyone can take a photo.|alba
alba/246.wav|I do so with a real sense of sadness.|alba
alba/3436.wav|Four of the victims were women.|alba
alba/462.wav|Mr Fairweather conceded there was a place for them in the penal system.|alba
alba/2672.wav|We must keep our feet on the ground.|alba
alba/1815.wav|His parents were last night on their way to Edinburgh from their home in Barbados.|alba
alba/1_192.wav|The omens are not good.|alba
alba/1983.wav|We are under the rubble.|alba
alba/1_294.wav|The years of campaigning have been very difficult.|alba
alba/3464.wav|Emergency services arrived within minutes, but were unable to save the seven members of the family.|alba
alba/2565.wav|We have sent out the invitation, but we do not expect an answer for a week or two.|alba
alba/2138.wav|They were held to ransom and released a month later.|alba
alba/2_259.wav|She was very upset.|alba
alba/2057.wav|Devolution and the Good Friday Agreement have altered the political landscape.|alba
alba/2_295.wav|They were impressive against France.|alba
alba/2_358.wav|We are not for hire.|alba
alba/2_055.wav|We want this place to work.|alba
alba/146.wav|They have done it before for Marion Jones and Michael Johnson.|alba
alba/1644.wav|Maybe it is good it happened because it is an early lesson.|alba
alba/3014.wav|We have a genuine budget in place.|alba
alba/792.wav|There were a few surprises.|alba
alba/359.wav|It didn't even matter if the story was good or bad.|alba
alba/3909.wav|We believe what they see.|alba
alba/010.wav|People look, but no one ever finds it.|alba
alba/2_247.wav|The threat to rural areas is real.|alba
alba/529.wav|Within minutes of the interview it was obvious to everyone that Martin was the man for the job.|alba
alba/2358.wav|However, they will only be found in the wild.|alba
alba/2060.wav|A senior Labour source said the change of name was discussed at last night's meeting of Scottish members at Westminster.|alba
alba/1260.wav|It's very unlikely.|alba
alba/1524.wav|Without investment it can't go forward and it can't go back.|alba
alba/3064.wav|She told me to apply for the crest.|alba
alba/3449.wav|He's one million percent fit.|alba
alba/2886.wav|It's always a bit difficult to decide in conditions like these.|alba
alba/423.wav|I don't know exactly how you look.|alba
alba/2_136.wav|I've had the time of my life.|alba
alba/758.wav|It's about time he accepted some of the blame.|alba
alba/2435.wav|It is the first time the disease has been identified in Shetland.|alba
alba/1_105.wav|If it's going in, it goes in.|alba
alba/2201.wav|This is a huge boost for my confidence.|alba
alba/2749.wav|Nothing was being sold off.|alba
alba/1133.wav|However, there would appear to be no suspicious circumstances and a report will be submitted to the procurator fiscal.|alba
alba/031.wav|Ian Flemming always looked at the ceiling when he was searching for the best word that fitted best.|alba
alba/1553.wav|But the film is what it is because of that.|alba
alba/3368.wav|Which is why the preferred option for Murray is for Advocaat to stay.|alba
alba/3059.wav|National insurance contributions have gone to the Treasury.|alba
alba/585.wav|Do you think this is easier than professional football?|alba
alba/3704.wav|Officials will be considering the impact of job losses on the terms.|alba
alba/2856.wav|It is a strong case.|alba
alba/1506.wav|It was lovely.|alba
alba/2_057.wav|It could have been prevented.|alba
alba/2_374.wav|There is much to be positive about.|alba
alba/1806.wav|Advocaat is demanding an improved performance and level of commitment from his team tonight.|alba
alba/494.wav|The longer it is left and with the weather changes predicted, the problem will get worse.|alba
alba/2196.wav|And they were right.|alba
alba/2383.wav|We've been trying to do that, but don't seem to be getting the breaks.|alba
alba/3745.wav|That came on thirteenth, where he stood at four under.|alba
alba/2765.wav|He must have sat down, relieved it was over.|alba
alba/3521.wav|I am glad that our message appears to have been heard in Jakarta.|alba
alba/1404.wav|They are perfectly entitled to do what they are doing.|alba
alba/296.wav|Simon Donnelly, however, will not be fit enough to return for tomorrow's encounter, although he could return for Sunday's visit to Motherwell.|alba
alba/1068.wav|We want to build a future for everybody.|alba
alba/1859.wav|They should have access to the care and support that is appropriate to their age.|alba
alba/1496.wav|Who would be in that desert?|alba
alba/1269.wav|It was pretty much a case of just getting on with it.|alba
alba/1450.wav|They have a right to be critical if things are not going as they should.|alba
alba/088.wav|A trip to Tannadice is never easy.|alba
alba/1241.wav|Mr Souter is perfectly entitled to his own view on the matter.|alba
alba/2669.wav|We are taking a very positive approach about the whole thing and looking forward to the future.|alba
alba/2219.wav|I know this is a blessing but sometimes it's hard.|alba
alba/1875.wav|I cannot say too much about them.|alba
alba/3241.wav|Details of the operation were not given.|alba
alba/1499.wav|Don't worry, three points.|alba
alba/3904.wav|That was an outrageous piece of good fortune.|alba
alba/1335.wav|For us, the top six is disappearing away over the horizon.|alba
alba/2_220.wav|We have learned from the mistake.|alba
alba/1653.wav|The plan will be in place, the preparation will have been done.|alba
alba/3055.wav|I am glad to be back in this country.|alba
alba/3021.wav|Any major injection of funding in the war against drugs is therefore to be welcomed.|alba
alba/393.wav|This is a melancholy wonderland, a hall of mirrors.|alba
alba/2982.wav|It's just a pity that the inner Ali doesn't get more to do.|alba
alba/531.wav|That's what she says.|alba
alba/3246.wav|They're a bit like the Border side we met in our first game.|alba
alba/2702.wav|Or was it Some kind of a ham?|alba
alba/2_389.wav|What kind of person is he?|alba
alba/2_161.wav|They have been nothing of the sort.|alba
alba/810.wav|It has to be a learning curve.|alba
alba/1923.wav|I could have done without that.|alba
alba/026.wav|The cities of Hull and Reading were gutted by fire during an air raid.|alba
alba/1661.wav|He definitely did not take the ball.|alba
alba/3503.wav|Many of the works at the exhibition New are not, it turns out, new.|alba
alba/2_309.wav|They are old men, but not very old.|alba
alba/3649.wav|It is nothing of the kind.|alba
alba/1308.wav|He decided to see a bit of the world.|alba
alba/3201.wav|A collision is likely and the winner?|alba
alba/1119.wav|This does not put the festival in jeopardy in future years.|alba
alba/2567.wav|This is the best possible solution.|alba
alba/056.wav|The difference is they have been taking their chances.|alba
alba/1118.wav|Well, no, they were actually able to do much better than that.|alba
alba/2791.wav|For starters, many of the Scotland team didn't turn up.|alba
alba/1913.wav|The Prime Minister has a huge regard for Mo.|alba
alba/4008.wav|They are still awaiting a decision.|alba
alba/1996.wav|This is significant.|alba
alba/2_116.wav|We did not play so well today.|alba
alba/3006.wav|I am sure a majority of Members of the Scottish Parliament will vote for the abolition of tuition fees.|alba
alba/3245.wav|I can see it.|alba
alba/2_048.wav|All will be set.|alba
alba/144.wav|However, we just need to put it down as a bad day at the office and move on.|alba
alba/2_239.wav|New Labour is controlled by Tony Blair.|alba
alba/818.wav|Leader Debate will have to wait|alba
alba/3568.wav|That is not just a challenge for Edinburgh, it is a challenge for the whole of Scotland.|alba
alba/720.wav|You are not in any kind of trouble.|alba
alba/744.wav|We wanted to do better - but we could not do so.|alba
alba/3537.wav|There is still a problem with clubs at the top level.|alba
alba/2216.wav|A new leader is unlikely to be chosen before September.|alba
alba/1124.wav|I think they will be able to move the date forward and get results.|alba
alba/3050.wav|I had a meeting with them this week.|alba
alba/358.wav|We are working together and we will be meeting him again in the new year.|alba
alba/1670.wav|I had no idea how many people were involved.|alba
alba/951.wav|Last year, it was ligaments in his knee.|alba
alba/3108.wav|It was a good day for the Scots.|alba
alba/2786.wav|The Government has to address the issue of pay.|alba
alba/3493.wav|I need to be active all the time.|alba
alba/3297.wav|There are two aspects to the export market.|alba
alba/1202.wav|We had had enough and wanted to get home.|alba
alba/1435.wav|They are trying to create a situation where they are working within music.|alba
alba/3342.wav|That is very different.|alba
alba/1061.wav|Why do you want to come to Edinburgh?|alba
alba/3580.wav|He has a limited life as a rugby player.|alba
alba/3467.wav|I knew it was most unlikely.|alba
alba/2211.wav|We should try and do it more often.|alba
alba/2_304.wav|I am so upset.|alba
alba/1_235.wav|Things begin to spring to life.|alba
alba/1652.wav|Those in the Champions League have had a highly demanding schedule of games, and many of them have also been asked to play in World Cup qualifying matches for their countries.|alba
alba/2760.wav|We didn't expect too much of a crowd.|alba
alba/201.wav|I know he had found a new lady and seemed to be very happy.|alba
alba/3541.wav|They deserved the win.|alba
alba/3643.wav|Then he asked for the fans to be patient and promised the start of a new era.|alba
alba/1756.wav|I think the top and bottom is a labelling issue.|alba
alba/1642.wav|It appears the scientists believe we have now got this under control.|alba
alba/1989.wav|We're trying to lessen the stigma.|alba
alba/2_068.wav|I couldn't imagine another director making the film.|alba
alba/2_347.wav|Be a bit more positive about him.|alba
alba/2191.wav|I have to believe in every fibre.|alba
alba/938.wav|This is preceded by a confidential consultation process involving Scotland's senior judge, the Lord President of the Court of Session, and the Dean of the Faculty of Advocates.|alba
alba/1445.wav|Johnstone is undoubtedly trying to change the Italians.|alba
alba/2852.wav|It is likely they will also be treated in Glasgow.|alba
alba/066.wav|Organisers need to abide by the rules.|alba
alba/1042.wav|He said because people had invited him.|alba
alba/837.wav|I'd like to continue that record.|alba
alba/1_107.wav|He will be kept informed.|alba
alba/3665.wav|We did not always agree.|alba
alba/1475.wav|It has been used as a form of money, in art, and even in food.|alba
alba/3072.wav|We were trying to broadcast a performance to Japan.|alba
alba/1666.wav|Incidents are reducing.|alba
alba/3267.wav|They will feel it is a Parliament for Edinburgh and not for the rest of Scotland.|alba
alba/1767.wav|I disagree entirely with the decision.|alba
alba/533.wav|The likelihood is that more people may be lost.|alba
alba/2_126.wav|Kenny Ireland's production does not disappoint.|alba
alba/1585.wav|And it has done, eloquently.|alba
alba/3097.wav|Survival of the Old Firm game can never be taken for granted.|alba
alba/1890.wav|My heart is with the artist.|alba
alba/454.wav|It will also depend on Libya's reaction to the question of compensation.|alba
alba/3785.wav|I have to be ready for anything.|alba
alba/1_310.wav|From then on, Scott has never looked back.|alba
alba/2184.wav|They said You are terrorist.|alba
alba/1_416.wav|We are objecting to the plan.|alba
alba/3208.wav|Whatever the final decision, one thing is certain.|alba
alba/3897.wav|I suspect that will continue after last night.|alba
alba/1558.wav|But his problem was not epilepsy.|alba
alba/1803.wav|I knew it was a winner with the potential for a long-running series.|alba
alba/2_030.wav|Will he be given time?|alba
alba/1440.wav|Next year is about survival.|alba
alba/676.wav|Today will tell.|alba
alba/365.wav|Whatever people do and vote for is a matter for them.|alba
alba/2_050.wav|We are very pleased with this opinion.|alba
alba/3734.wav|It was a massive error of judgment.|alba
alba/1495.wav|I was just overwhelmed.|alba
alba/438.wav|I think the time has come for me to look for other things to do.|alba
alba/617.wav|I didn't want it to be too literal.|alba
alba/2452.wav|But the needs of the senior team are paramount.|alba
alba/2015.wav|I couldn't believe what had happened.|alba
alba/962.wav|We really put in an awful lot of hard work.|alba
alba/385.wav|It was a poor performance.|alba
alba/2_038.wav|Footballers have also been targeted.|alba
alba/2513.wav|Otherwise, it will cost a lot of money.|alba
alba/3028.wav|There is another important factor.|alba
alba/2553.wav|If they do not act in that manner the referee committee will have to take that on board.|alba
alba/2_076.wav|But we were in control at that point.|alba
alba/3876.wav|If things go right for them they will be together in the international side.|alba
alba/2485.wav|Only water is currently allowed.|alba
alba/1970.wav|But do you know what?|alba
alba/2893.wav|Police will be asking the court for him to be remanded in custody.|alba
alba/1_299.wav|We don't need to play him.|alba
alba/2173.wav|I'm still an amateur in that sense.|alba
alba/043.wav|Barry waited a while then took off his fleece and ordered a nice pint of Carling.|alba
alba/2892.wav|They have to be absolutely there and on the ball all the time.|alba
alba/1841.wav|I know it's a business.|alba
alba/798.wav|Let us hope it doesn't come to that.|alba
alba/1_316.wav|Arsenal refused to be evicted.|alba
alba/3936.wav|But it wasn't that at all.|alba
alba/2408.wav|None of it is acceptable.|alba
alba/322.wav|The problem is, the pensioners have put their faith in the basic state pension.|alba
alba/1357.wav|Several others were absent.|alba
alba/2980.wav|The assembly approved the report.|alba
alba/3749.wav|I thought we would be here for a good few days.|alba
alba/2_176.wav|They should come forward.|alba
alba/2_090.wav|Failing him, somebody else would have obliged.|alba
alba/3910.wav|We're not doing anything illegal.|alba
alba/1760.wav|There is no deterrent.|alba
alba/3612.wav|That was the time to buy.|alba
alba/3894.wav|I think this is going to be a great championship.|alba
alba/2_060.wav|It is a very sad day.|alba
alba/1_339.wav|This is just the beginning.|alba
alba/1069.wav|In theory, the foundations for an atmospheric experience had been laid.|alba
alba/634.wav|You ask the question.|alba
alba/1609.wav|So a solution has been proposed.|alba
alba/1842.wav|We are all suffering.|alba
alba/388.wav|Yes, we would accept a draw, but we won't be playing for that.|alba
alba/667.wav|Labour is now a new generation party.|alba
alba/1650.wav|This is something that just emerged.|alba
alba/2_079.wav|I liked the look of Amato as well.|alba
alba/771.wav|I have never been unemployed.|alba
alba/704.wav|That is all it amounts to.|alba
alba/752.wav|I know of the background of what the pupils were saying.|alba
alba/1_226.wav|It is worth it.|alba
alba/2448.wav|Young people have done very well.|alba
alba/2421.wav|This has been a great event to be involved in.|alba
alba/4040.wav|It has never been worthwhile.|alba
alba/1497.wav|It had been in place since last July.|alba
alba/1548.wav|It was a day for records.|alba
alba/2072.wav|It's not an easy life.|alba
alba/1572.wav|Is it the training ground?|alba
alba/3738.wav|I got a yellow card.|alba
alba/1154.wav|Mr Mercer was not available for comment.|alba
alba/386.wav|The quality of the performance by the team today was better than it was in midweek.|alba
alba/2156.wav|They have not done so this season so far.|alba
alba/623.wav|I think his position is untenable.|alba
alba/3968.wav|Last night, a spokesman for the Crown Office confirmed that he was no longer in prison.|alba
alba/3474.wav|This is going to remain a heavily regulated industry, and so it should.|alba
alba/1434.wav|She also issued a strong message of hope for the future.|alba
alba/1601.wav|The fact that we don't get everything we desire doesn't mean we don't get anything at all.|alba
alba/965.wav|Today it seems that life is turning full circle.|alba
alba/1_120.wav|They haven't been.|alba
alba/1_153.wav|However, it did not end that way.|alba
alba/3472.wav|But the petrol station does not get the benefit.|alba
alba/1384.wav|I've had a ball.|alba
alba/3781.wav|I am addicted to sport.|alba
alba/2205.wav|And they are older.|alba
alba/3181.wav|I defy anyone to name a group as eclectic.|alba
alba/1125.wav|Now, on the brink of a new career in Norwich, he has decided to speak out.|alba
alba/209.wav|Just about every symphony orchestra in the world is under the hammer.|alba
alba/2734.wav|We are making no comment.|alba
alba/3913.wav|Many wondered if the pieces would ever see the light of day again.|alba
alba/3610.wav|Time for a change, to look for a new man, to freshen up the tactics, will soon be the cry.|alba
alba/1546.wav|I feel my game is now a lot more consistent.|alba
alba/411.wav|We are not going to stay around as a car dealer.|alba
alba/1_205.wav|There was a lot of resentment.|alba
alba/1471.wav|It was a sickening sight.|alba
alba/2826.wav|I go to every World Cup.|alba
alba/2611.wav|Even that is a long way off.|alba
alba/3565.wav|He is always very capable of getting a goal in these circumstances.|alba
alba/1945.wav|We have to be aggressive.|alba
alba/1_267.wav|She allowed them in.|alba
alba/2236.wav|It was very unexpected.|alba
alba/1715.wav|Schools are at the heart of preparing young people to live in a multi-cultural and inclusive society.|alba
alba/2_058.wav|Clearly, the stakes are high.|alba
alba/195.wav|None of these things are at the Government's discretion.|alba
alba/2_125.wav|They were back in full training yesterday.|alba
alba/2388.wav|It is stupid and there is no way out.|alba
alba/2900.wav|I don't think they are too serious.|alba
alba/2538.wav|It was a temptation which she was more than happy to resist.|alba
alba/041.wav|Ruth ran up the street, passing buildings with scaffolding on either side. �|alba
alba/3259.wav|Yet, he was, and is, right.|alba
alba/2_232.wav|The statement was masterful.|alba
alba/3101.wav|Wherever you go, you play away games.|alba
alba/3047.wav|We are not going to give away the store.|alba
alba/2462.wav|I think that people are looking for something that's not there.|alba
alba/1639.wav|It means that the people who turn up know they will see a winner.|alba
alba/3577.wav|He liked to be in touch with the sea and the hills.|alba
alba/1468.wav|Yet they often have difficulty getting access to treatment for other illnesses.|alba
alba/2_094.wav|Yet he chose to do something different.|alba
alba/2542.wav|And it's quite conceivable that it wouldn't be acceptable.|alba
alba/1431.wav|And we have seen them now in cricket for some time.|alba
alba/3509.wav|It is a timely statement.|alba
alba/2_276.wav|Of course it isn't.|alba
alba/395.wav|At present two or three wins and people are talking about a place in Europe.|alba
alba/469.wav|He was easy to talk to and it was informal and informative.|alba
alba/4018.wav|He was just in the wrong place at the wrong time.|alba
alba/4026.wav|This is completely the opposite of the truth.|alba
alba/014.wav|To the Hebrews it was a token that there would be no more universal floods.|alba
alba/789.wav|I just went out there for experience.|alba
alba/1011.wav|The r and b community is very fickle.|alba
alba/3189.wav|I'm just happy to have done a lot better than last year.|alba
alba/1986.wav|She was crying.|alba
alba/2585.wav|This is far from an apology, but it is at last a step in the right direction and a recognition of the truth.|alba
alba/2_267.wav|This is your country.|alba
alba/3294.wav|There are a handful of artists with whom we have a special relationship.|alba
alba/1031.wav|I think our defences will get better at home.|alba
alba/1_207.wav|It is an impressive record.|alba
alba/1969.wav|That was not the end of it.|alba
alba/1272.wav|The sprinter is not exactly running poorly, more that good fortune in running has deserted him.|alba
alba/2195.wav|Jimmy was first choice.|alba
alba/2978.wav|They did not ask to do this.|alba
alba/1762.wav|Priorities for the funding have to be identified.|alba
alba/3963.wav|We wanted as many as possible, but it seems all others are committed elsewhere.|alba
alba/3766.wav|But their bodies were found at lunchtime today.|alba
alba/1597.wav|At this level of rugby you have no chance of winning if you give the ball away.|alba
alba/981.wav|Then the police arrived.|alba
alba/3148.wav|The Scottish people expect us to press the Government to deliver and we will.|alba
alba/751.wav|Only way he would be Scotland manager would be if he played him in a movie.|alba
alba/1813.wav|We have to go further than that.|alba
alba/1_194.wav|He wants to play.|alba
alba/1279.wav|You need more than one captain in your team, anyway.|alba
alba/1556.wav|There was something special about that.|alba
alba/2_333.wav|It was a matter of chance.|alba
alba/1867.wav|I don't see this as any kind of risk.|alba
alba/765.wav|These were the only two premier league matches to survive the weather.|alba
alba/1066.wav|We need somebody for their religious and social needs.|alba
alba/1415.wav|It needs to be worth their while.|alba
alba/2163.wav|We have got a race.|alba
alba/2645.wav|The existing machinery in Scotland is failing us.|alba
alba/1_236.wav|That, though, is for the future.|alba
alba/1689.wav|This film has got an innocence to it.|alba
alba/2908.wav|You can see it on the training ground and around the hotel.|alba
alba/1_315.wav|I agree with you about this.|alba
alba/2680.wav|But why was he going to Edinburgh?|alba
alba/2154.wav|Reality on the ground was frustration for the paratroopers taking part.|alba
alba/3432.wav|I think there is no doubt that there is a real threat from al Qaeda operatives.|alba
alba/3318.wav|We just want to get through.|alba
alba/2682.wav|I really think this is my event.|alba
alba/445.wav|The second was rather more controversial.|alba
alba/1214.wav|Now, that would be good and would show the understanding and respect they deserve.|alba
alba/2_340.wav|We have to move forward from now on.|alba
alba/1608.wav|It is time for a solo abroad.|alba
alba/2655.wav|In at the deep end, because Edinburgh are playing pretty well at the moment.|alba
alba/1_072.wav|Dundee are doing it.|alba
alba/3799.wav|Sorry to be disrespectful.|alba
alba/900.wav|I told her, and she was extremely grateful.|alba
alba/1931.wav|Scientific evidence became a pivotal feature in the murder trial.|alba
alba/680.wav|The weather was bad, and this has contributed to what appears to be a relatively low turnout.|alba
alba/3385.wav|I hope it is a good omen.|alba
alba/3224.wav|The appeal court is not a court of review.|alba
alba/3112.wav|It was also removed from the Internet.|alba
alba/3932.wav|Questions have to be asked about the entire situation.|alba
alba/2137.wav|He will decide tomorrow.|alba
alba/3372.wav|But not everyone was happy.|alba
alba/3707.wav|The second goal came from a corner on the left.|alba
alba/2288.wav|They are huge and there are all kinds of things going on.|alba
alba/3494.wav|His wishes were granted.|alba
alba/2_169.wav|I hope he does.|alba
alba/3030.wav|He was totally overwhelmed by all that had happened.|alba
alba/443.wav|We welcome the decision of Mr Byers.|alba
alba/3758.wav|It is still in our hands.|alba
alba/2640.wav|The most important thing for me this year is the regaining the world title.|alba
alba/2114.wav|It will be very, very tight.|alba
alba/2361.wav|Irwin is on a mission to save the world.|alba
alba/2243.wav|None of them were illegal.|alba
alba/1427.wav|Hopefully we can put in a performance.|alba
alba/2618.wav|There are two parts.|alba
alba/1_102.wav|One woman refused to sit down.|alba
alba/2785.wav|It is impossible to go on.|alba
alba/3893.wav|He said nothing to waiting journalists.|alba
alba/2134.wav|Which leaves a problem for David McLetchie and the Scottish Conservatives.|alba
alba/3442.wav|Independence is the bottom line.|alba
alba/2_370.wav|And what position did you play?|alba
alba/3369.wav|There is, of course, another side.|alba
alba/3828.wav|Increase in petrol prices have led to the fall of two previous governments.|alba
alba/1464.wav|I hope they understand that.|alba
alba/3308.wav|One man in the squad will almost certainly be counted out before the weekend.|alba
alba/3631.wav|But we will play it there.|alba
alba/1987.wav|We would like to come to an agreement to allow us to sell the club.|alba
alba/622.wav|In many ways division two could be harder for us.|alba
alba/1687.wav|That's what we're trying to achieve.|alba
alba/1418.wav|I had no problem with the set-up.|alba
alba/3841.wav|He was very solid.|alba
alba/2803.wav|He is also in the market for two or three other players, including a goalkeeper.|alba
alba/600.wav|We will report our findings to the procurator-fiscal.|alba
alba/1387.wav|They should be dealt with further down the food chain.|alba
alba/2_153.wav|It is too difficult.|alba
alba/2369.wav|It's important to focus.|alba
alba/2_046.wav|It was very hard.|alba
alba/2_128.wav|Or it's not really for us, if you like.|alba
alba/2_025.wav|That was a problem for me.|alba
alba/1284.wav|Australia has always been hard done by before.|alba
alba/3929.wav|But we have told them it is too late for that.|alba
alba/2_413.wav|But he won.|alba
alba/1503.wav|It would be folly to do so.|alba
alba/156.wav|I'm looking forward to coming back to work on Monday and the players should be too.|alba
alba/2442.wav|It was a bit of a shock.|alba
alba/051.wav|There are a lot of positives in this for the Clyde.|alba
alba/2092.wav|It has already received the backing of state and county.|alba
alba/285.wav|He was far more useful to me than a club.|alba
alba/513.wav|Next day, she was told receivership was under way.|alba
alba/3853.wav|If the Government does not deliver for them it could be their great Achilles heel.|alba
alba/2285.wav|The Queen was just happy that no-one was injured.|alba
alba/1_089.wav|This is far too high.|alba
alba/803.wav|We are very pleased with the quality and location of the facility.|alba
alba/2117.wav|That could be difficult for us because we are so used to carrying the ball in one hand.|alba
alba/1280.wav|I cannot believe what has happened.|alba
alba/3775.wav|It is just how things often happen.|alba
alba/2256.wav|At Parkhead, it has also become an education.|alba
alba/1788.wav|A spokesman said the deputy chief constable was speaking in a personal capacity.|alba
alba/1_122.wav|Of course, this is nice to hear.|alba
alba/1_126.wav|He will certainly be involved.|alba
alba/378.wav|I think it would be a very popular proposal.|alba
alba/3518.wav|Certain players are like that.|alba
alba/2568.wav|Here the jury is still out.|alba
alba/3666.wav|If we can win that, we can do it.|alba
alba/2549.wav|It is still too early for any likely contenders to have emerged.|alba
alba/1717.wav|I was prepared to do it because it is a team game, after all.|alba
alba/3933.wav|Their bodies were never found.|alba
alba/924.wav|We have reached a defining moment in terms of targets.|alba
alba/2334.wav|He said everyone had been getting increasing concerned that time would run out.|alba
alba/1633.wav|Last week that is exactly what happened.|alba
alba/326.wav|She said the work, at the back of the building, was nearly finished.|alba
alba/1791.wav|This was first mooted to me back at the World Cup finals in the summer.|alba
alba/3347.wav|Crucial to that process will be the appointment of our new artistic director.|alba
alba/1_217.wav|New Year will be very busy.|alba
alba/1555.wav|I still feel we can retain the championship.|alba
alba/1311.wav|I am not getting into a debate about this now.|alba
alba/1410.wav|That, though, was just the start of it.|alba
alba/3690.wav|Why does it all have to be done behind the scenes?|alba
alba/1668.wav|This is heaven.|alba
alba/1177.wav|I'm not talking about his career.|alba
alba/3478.wav|He's been a great influence on me.|alba
alba/3065.wav|He tried to stop it, but it was already too late.|alba
alba/729.wav|Had we not changed the definition, we would have been closer to achieving the target.|alba
alba/3815.wav|Now he has, with The Phantom Menace, and it is a hugely successful return.|alba
alba/1539.wav|They realise they are way behind and can't win.|alba
alba/3627.wav|It was at the Royal Concert Hall in Glasgow.|alba
alba/3751.wav|He added, There will always be imprisonment.|alba
alba/2_329.wav|And there has been a good start.|alba
alba/862.wav|There is nothing we can do about it because it is not in our hands.|alba
alba/2131.wav|And that's it.|alba
alba/2224.wav|They also cover the period before the setting up of the Food Standards Agency in May.|alba
alba/2_233.wav|They are taking a stand against this.|alba
alba/1355.wav|There should be more recognition of the contribution the spectators make to this event.|alba
alba/1554.wav|It was nothing really.|alba
alba/2899.wav|The new centres are already a year behind schedule.|alba
alba/1838.wav|This is one way of finding employment for our staff.|alba
alba/730.wav|He just didn't have a clue.|alba
alba/202.wav|Above all, we need a civil service that reflects the country as it is today.|alba
alba/2673.wav|Why should he be punished again?|alba
alba/3096.wav|They could take the result away from them, couldn't they.|alba
alba/2_042.wav|The second half was a different affair.|alba
alba/2_149.wav|My body is exhausted.|alba
alba/1134.wav|It was due to come out later this month, but is now not expected until April.|alba
alba/3126.wav|Looking back, the World Cup was a great experience for me.|alba
alba/3450.wav|We've got a bit of work to do.|alba
alba/1532.wav|The party said they were going to watch the game, and did so, but on the telly and not in the flesh.|alba
alba/502.wav|A huge amount of work has already been done but now we need to communicate, to explain what we're doing.|alba
alba/208.wav|We had a great time when we came with Easy Rider.|alba
alba/1654.wav|I try to be objective about this and not to take it personally.|alba
alba/2374.wav|Yes, he did make a couple of mistakes, but his general play was good and his fitness is high.|alba
alba/1255.wav|I always look forward to coming.|alba
alba/2466.wav|That was really embarrassing for me.|alba
alba/1908.wav|Consumers can help make that happen.|alba
alba/2775.wav|They might think of handing the money back.|alba
alba/950.wav|This is a critical time for football.|alba
alba/2821.wav|Just three years ago they started winning competitions.|alba
alba/2_354.wav|This time, it was accepted.|alba
alba/2_384.wav|He called it right.|alba
alba/1370.wav|She had to learn a new discipline.|alba
alba/2331.wav|The president demanded his return from the United States to his father in Cuba.|alba
alba/3133.wav|I have to accept that.|alba
alba/2_311.wav|Hasn't let anyone down?|alba
alba/2_192.wav|There has been no reaction from them.|alba
alba/700.wav|He is sending to London for Di Canio.|alba
alba/1035.wav|They also do not know where anywhere is.|alba
alba/301.wav|But they can't go down it.|alba
alba/1498.wav|She said she was now considering legal action.|alba
alba/2_257.wav|Being a brilliant surgeon was not enough.|alba
alba/1151.wav|It has affected me.|alba
alba/1_076.wav|Everyone was very saddened.|alba
alba/3957.wav|Sometimes they don't.|alba
alba/1463.wav|Two and a half million people have died.|alba
alba/2932.wav|The stadium erupted.|alba
alba/1501.wav|It has been an awful time.|alba
alba/1377.wav|I was contacted this morning.|alba
alba/738.wav|The result is very entertaining.|alba
alba/2410.wav|It will be such a great experience.|alba
alba/3140.wav|I feel really sorry for the Iraqi people.|alba
alba/621.wav|He was magnificent.|alba
alba/480.wav|It is a political debate and they are looking for the Government to take that lead.|alba
alba/812.wav|What is important is the substance.|alba
alba/1533.wav|But every two minutes it was exploding.|alba
alba/1_065.wav|We must all play our part.|alba
alba/2733.wav|This was a very tragic accident.|alba
alba/922.wav|He declined to be more specific.|alba
alba/2961.wav|They are going to carry it through.|alba
alba/2371.wav|We will have to look at it in light of the report.|alba
alba/3883.wav|We have a copy of the judgment and we are looking at it, but clearly this is a matter for the Presiding Officer and his legal team to consider.|alba
alba/2678.wav|The search has been called off.|alba
alba/1195.wav|It requires confidence on all sides to move forward.|alba
alba/1027.wav|We have a lot to learn and a lot to do.|alba
alba/1_360.wav|It has become very confused.|alba
alba/2237.wav|We are feeling very good.|alba
alba/1_085.wav|I'm looking forward to getting back in.|alba
alba/2540.wav|The more we talk about our policies the more our message is getting across.|alba
alba/1_138.wav|I expect it to be finished by tomorrow.|alba
alba/1371.wav|The rest of it is a completely visual experience - if it ever comes to pass.|alba
alba/177.wav|We now need to regain control of the world outside our little castles.|alba
alba/1697.wav|However, a council spokesman said it would not be appropriate for reporters to attend.|alba
alba/2812.wav|So go on.|alba
alba/1174.wav|But the extra cash was roundly condemned by opposition parties.|alba
alba/1391.wav|And the prospect of another financial crisis was untenable.|alba
alba/1024.wav|That, though, is an old story.|alba
alba/2253.wav|It was very, very emotional.|alba
alba/3079.wav|This will fall to the Scottish Parliament.|alba
alba/1_272.wav|Things are going very well.|alba
alba/1_309.wav|I don't have time for Labour.|alba
alba/1_093.wav|Kenny Miller might come through.|alba
alba/076.wav|Life is good.|alba
alba/069.wav|It was long enough for her to put a brake on her emotions.|alba
alba/2999.wav|I was pleased with my own game.|alba
alba/1160.wav|They are going to have to pay for it.|alba
alba/4044.wav|It is their life.|alba
alba/770.wav|This is education at the cutting edge.|alba
alba/3838.wav|You can't get the experience in Austria.|alba
alba/2926.wav|But he's done a great job and he's had a lot of help from the club.|alba
alba/2501.wav|He did not like to be questioned.|alba
alba/2378.wav|None of this was new.|alba
alba/560.wav|Almost from that moment on the visitors were in trouble in the scrum.|alba
alba/1_148.wav|We have turned the corner.|alba
alba/037.wav|It was next to the hut where the honey bees live.|alba
alba/905.wav|Last April, the kilometre markers were misplaced.|alba
alba/839.wav|We had to sit on the runway for about an hour before take-off.|alba
alba/2_357.wav|They said they would appeal.|alba
alba/1477.wav|There are also memories.|alba
alba/2679.wav|But he has as much potential to win this Open as any man in the field.|alba
alba/1_386.wav|I understood the time.|alba
alba/2_175.wav|If he does not leave, he will be shot.|alba
alba/238.wav|Four months later he was dead.|alba
alba/244.wav|Well, you might have a point.|alba
alba/1545.wav|He is wrong.|alba
alba/1219.wav|This will help our confidence.|alba
alba/3948.wav|In fact he was there in Paris last week, but he is never going to be her manager again.|alba
alba/1_136.wav|He seems to be pleased with the picture.|alba
alba/1396.wav|I don't think we can do much better than that.|alba
alba/3702.wav|We do not have to speculate on what evidence was accepted or rejected.|alba
alba/2155.wav|We have to have something that we know what it is that we want them to do.|alba
alba/2878.wav|That game was there for us to win.|alba
alba/1_090.wav|He has not been dropped.|alba
alba/3223.wav|They really shouldn't have put it out.|alba
alba/1973.wav|It just does not make any kind of financial sense.|alba
alba/2_207.wav|All were recalled to the city.|alba
alba/2_185.wav|It looked like it might have been.|alba
alba/372.wav|It is an expensive part of their equipment.|alba
alba/1494.wav|Unhappily, it was his team- mates who lost their way after his departure.|alba
alba/2535.wav|It is not a bad thing that we're not going.|alba
alba/3602.wav|Four men and a woman had already been charged in connection with the incident.|alba
alba/2979.wav|This was a reasonable offer to staff who are already well paid.|alba
alba/2613.wav|Only time will tell.|alba
alba/3593.wav|It could have been anything.|alba
alba/3430.wav|Firefighters had to free the dead man, whose name has not yet been released by Lothian and Borders Police.|alba
alba/988.wav|Michael is made for me.|alba
alba/3301.wav|This is a major part of my game.|alba
alba/1678.wav|No-one has appeared in court in relation to her death.|alba
alba/196.wav|He will be a force for good within this province.|alba
alba/2815.wav|We don't have anything left.|alba
alba/2588.wav|I really, really wanted to stay at school.|alba
alba/1589.wav|My mind is the most important thing now.|alba
alba/2230.wav|Sometimes you get them, sometimes you don't.|alba
alba/4039.wav|I was very optimistic.|alba
alba/1938.wav|He was dead on arrival at hospital.|alba
alba/2_191.wav|That was until now.|alba
alba/2_131.wav|We meet again in Berlin.|alba
alba/3010.wav|I played against the best.|alba
alba/1175.wav|They must be professionals in every sense.|alba
alba/2997.wav|He was being treated for pneumonia and was also said to be battling cancer.|alba
alba/2707.wav|The second is the reaction of the Hibs fans.|alba
alba/4027.wav|We are here to do something else and we want to get to the next phase of this tournament.|alba
alba/2075.wav|It is very hard to take in.|alba
alba/3415.wav|The allegations of bullying are of serious concern to the school and the council.|alba
alba/2808.wav|All the emergency services were called to the site.|alba
alba/3229.wav|There is no way a woman would ever win.|alba
alba/3071.wav|This is a horrible loss.|alba
alba/269.wav|It was very satisfying work.|alba
alba/2638.wav|He made his return after four months out with a calf injury, but only after Robert Douglas was injured during the warm-up.|alba
alba/3987.wav|There have been other incidents in the past and they have been handled without any problems.|alba
alba/2_230.wav|I don't see a problem with that.|alba
alba/3322.wav|Because of the arrogance of lawyers involved in all levels in this case, that simply did not happen.|alba
alba/2105.wav|There is also a great deal of interest from London in transferring the plays.|alba
alba/2945.wav|That is quite a gap to bridge.|alba
alba/1_029.wav|It's not going to work out that way.|alba
alba/2925.wav|My putting was very disappointing.|alba
alba/118.wav|Chris Smith, the culture secretary, said he was satisfied with the decision.|alba
alba/2047.wav|In doing so he has produced one of the more surprising publishing success stories of recent years.|alba
alba/2_325.wav|With him are the symbols of his faith.|alba
alba/967.wav|He's been hit by it.|alba
alba/3925.wav|Advice and counselling will be offered.|alba
alba/698.wav|With-holding information does not help.|alba
alba/1835.wav|George has always been totally honest with me.|alba
alba/2373.wav|At the time, there was talk of him being a possible candidate for party leadership.|alba
alba/2123.wav|And that's it?|alba
alba/2295.wav|Maybe it had a little to do with last Wednesday, but that would be making excuses.|alba
alba/425.wav|I can't really complain about being overtaken.|alba
alba/903.wav|Yes, it took time to recover.|alba
alba/2497.wav|Mike Tyson went to prison.|alba
alba/1049.wav|Three years ago, the venue was in the headlines for not being able to stage a production.|alba
alba/3069.wav|Members of the group have agreed to make no comment until their report is published.|alba
alba/328.wav|I don't think everyone will be happy.|alba
alba/515.wav|They also recovered a picture of Osama bin Laden.|alba
alba/2486.wav|By that time the City Hall will have closed.|alba
alba/2984.wav|That was not a coincidence.|alba
alba/2161.wav|He is a man of his word and he is his own man.|alba
alba/1340.wav|None of us can.|alba
alba/2003.wav|Whatever the reason we will work hard to rectify the problem.|alba
alba/2_067.wav|It won't be repeated as such.|alba
alba/3273.wav|He is very impressive to watch.|alba
alba/2402.wav|I want to do something really exceptional.|alba
alba/1685.wav|There is no way anything like this will ever happen again.|alba
alba/561.wav|We've got a better team than the last time, a lot better team.|alba
alba/782.wav|I just said we had to go to a funeral.|alba
alba/2_282.wav|One player turned it down.|alba
alba/194.wav|Physically, it is taking more out of everyone and it is causing problems.|alba
alba/2692.wav|We would have liked to have seen the White Paper in the first round of Parliament and it's not.|alba
alba/1591.wav|There was great support all round the route.|alba
alba/2859.wav|What is the panic?|alba
alba/3662.wav|The number of games is a problem but we have to cope with that.|alba
alba/1_037.wav|It is not an amnesty.|alba
alba/1804.wav|Families will be devastated by this news.|alba
alba/3674.wav|It is what you go in for, and the answer is to deliver the policies in our manifesto.|alba
alba/1915.wav|I have a choice.|alba
alba/3787.wav|It was a bad decision from our point of view because we felt we could have been beaten them tonight.|alba
alba/888.wav|That's what we are disappointed about.|alba
alba/2931.wav|It's very damaging for the Tory party to be seen in this way.|alba
alba/3856.wav|I did this play for the money.|alba
alba/1783.wav|Perhaps he did it to put one over on me.|alba
alba/191.wav|They will see themselves as the natural opposition representing the will of the people.|alba
alba/536.wav|But the indiscipline in society was already apparent to those who had served in the army.|alba
alba/947.wav|Government does have a role.|alba
alba/1085.wav|Look at the European success in the Ryder Cup.|alba
alba/2_417.wav|No person was charged.|alba
alba/1_370.wav|We want to help them through it.|alba
alba/2956.wav|A spokesperson for Lothian and Borders police said that it had been a very frightening incident for the youth.|alba
alba/1_291.wav|I've always been desperate to play this part.|alba
alba/726.wav|This is a short-term problem we are working to overcome.|alba
alba/2274.wav|I was not able to do enough to win a medal.|alba
alba/2551.wav|A total of eight were dismissed.|alba
alba/1552.wav|Stop the spread of the disease in the north of England and south-west Scotland.|alba
alba/1092.wav|He didn't know what was wrong.|alba
alba/964.wav|Employers were merely seeking to return to the original five-year agreement.|alba
alba/654.wav|There is no shortage of commitment.|alba
alba/3896.wav|Inspectors left the country four years ago, and Iraq has refused to allow them to return.|alba
alba/3023.wav|I will this time.|alba
alba/1_383.wav|Almost everyone had some input.|alba
alba/2_345.wav|But there is good and bad.|alba
alba/1235.wav|By the time they got around to realising the ball game was on, they were as good as out of the running.|alba
alba/3826.wav|It doesn't matter how you get them.|alba
alba/2861.wav|Hopefully it will be a good day.|alba
alba/033.wav|The girl heard the bird's voice singing, sounding sweeter as she rode her horse towards the clearing.|alba
alba/2172.wav|Neither of us had any connection with the gunman.|alba
alba/2_278.wav|We are a peaceful people.|alba
alba/1_270.wav|He was only a young lad.|alba
alba/1592.wav|But it isn't enough to battle for the ball, you must be able to do something with it or you will struggle.|alba
alba/3769.wav|I should be anonymous.|alba
alba/3011.wav|Sean Connery did not disappoint.|alba
alba/3363.wav|And so did the rest of her team.|alba
alba/1625.wav|Again, it will be in the lap of the gods.|alba
alba/1_407.wav|I'm so angry.|alba
alba/3321.wav|Without his experience and man-management the Tannadice club would have already have been consigned to the first division.|alba
alba/1372.wav|Whether his stance is shared by the incoming manager is another matter.|alba
alba/970.wav|At the next election only the Conservative Party will be committed to keeping the pound.|alba
alba/2510.wav|Its support would be vital if the project is to be launched.|alba
alba/2129.wav|What's happening is this.|alba
alba/1534.wav|And sooner than we may think.|alba
alba/3652.wav|We are still waiting a final outcome.|alba
alba/3100.wav|Will he agree to go?|alba
alba/2797.wav|We all need to pull together.|alba
alba/891.wav|Some are simply the worst.|alba
alba/324.wav|I have been contacted by a number of families affected by the tragedy, and they have asked me to press the lord advocate to ensure the report is published.|alba
alba/2504.wav|Only four teams can win this now - and England are one of them.|alba
alba/1933.wav|Rock musicians are different.|alba
alba/1197.wav|I can see development officers travelling the length of Britain to help her in her school.|alba
alba/2067.wav|The film is on a tightrope.|alba
alba/790.wav|I also believe we only need a bit of luck to turn the corner.|alba
alba/1953.wav|The woman said she did not report the offence sooner because she had no confidence the police would do anything.|alba
alba/2293.wav|We are actively looking for former residents.|alba
alba/909.wav|And it was the same with the third goal.|alba
alba/568.wav|It may have been no easier to play but it was much more rewarding to listen to.|alba
alba/1090.wav|Politically, we would like to be there.|alba
alba/1141.wav|We have nothing to say on it.|alba
alba/3764.wav|They are terrific.|alba
alba/1004.wav|The company again confirmed that its decision to close the plant was made for entirely commercial reasons.|alba
alba/2_059.wav|I will win.|alba
alba/2_196.wav|I didn't know that he was leaving.|alba
alba/1630.wav|Everyone has concerns about it.|alba
alba/1_177.wav|Susan Deacon had resigned.|alba
alba/3776.wav|The evidence is clear.|alba
alba/1253.wav|Every time he gets the ball he will be expected to beat two men and score.|alba
alba/2_288.wav|Was this a new event?|alba
alba/222.wav|The Receivers defended well, especially out wide.|alba
alba/1264.wav|But the heart is another matter.|alba
alba/2468.wav|In a sense you could say that the system has delivered for the politicians but not for the voters.|alba
alba/1771.wav|All were able to spend time at home with their families.|alba
alba/3337.wav|The Scottish Secretary is in an impossible situation.|alba
alba/1_242.wav|He should be careful.|alba
alba/3807.wav|Everybody knows how it's been played before, and how you should play it.|alba
alba/1637.wav|I did think it might have been resolved by now.|alba
alba/3938.wav|Do it for us now.|alba
alba/2598.wav|Staff at the hospital last night said her condition was serious and causing concern.|alba
alba/485.wav|Buses across Scotland are to come to a halt.|alba
alba/1_250.wav|It might be difficult.|alba
alba/1379.wav|In fact, it would have been playable for the past few weeks.|alba
alba/3688.wav|Hope is not enough against the Australians.|alba
alba/1975.wav|We are in a war.|alba
alba/2_388.wav|I thought he was my friend.|alba
alba/3068.wav|He was a soldier.|alba
alba/352.wav|The heads of department had decided to take no chances and wanted the station's opening to be recorded.|alba
alba/2_287.wav|I've never worked in a bar before.|alba
alba/2694.wav|I suggest that Dr Simpson reconsider his version of events at what was a well-attended dinner.|alba
alba/1541.wav|I do not know why.|alba
alba/835.wav|But if we continue to progress - that is the important thing.|alba
alba/2783.wav|There was better to come in the forty-second minute.|alba
alba/596.wav|It's not that there are too many New Zealanders playing in Scottish and Welsh rugby teams.|alba
alba/1874.wav|It's good to be back and be part of a winning side.|alba
alba/2079.wav|It is understood that he had previously suffered from depression and had some personal problems.|alba
alba/963.wav|You can take it almost anywhere and practise.|alba
alba/715.wav|I think there will have to be an inquiry into foot-and-mouth, and there must be a major restructuring of the industry.|alba
alba/2484.wav|We know that the boy is in a critical condition and is very badly injured.|alba
alba/2096.wav|Just look at his record.|alba
alba/1518.wav|This will completely change the character of the prize.|alba
alba/2_077.wav|I have played really well all year.|alba
alba/686.wav|Do what you want to do.|alba
alba/2_029.wav|I had relied on him.|alba
alba/1063.wav|I don't have any perspective on it.|alba
alba/1821.wav|My place of work is the House of Commons.|alba
alba/1420.wav|We would abolish the fuel duty escalator.|alba
alba/1_375.wav|That is not the case this time.|alba
alba/3956.wav|I will be back.|alba
alba/3921.wav|She also denied that Lord Archer had been drinking at the party.|alba
alba/1239.wav|It has to be implemented, it will be implemented.|alba
alba/1690.wav|But is that a good thing?|alba
alba/2413.wav|We need to strengthen.|alba
alba/2_273.wav|He dismisses bias.|alba
alba/036.wav|The cat followed the trail along to the watering hole.|alba
alba/2074.wav|The younger generation are here too.|alba
alba/2_102.wav|That is not going to change.|alba
alba/3366.wav|It is a very exciting development.|alba
alba/3491.wav|We haven't taken it in yet.|alba
alba/2393.wav|It is vitally important for the health of Scottish rugby as a whole.|alba
alba/1_248.wav|Who will attend?|alba
alba/2160.wav|Being part of it is what they need.|alba
alba/1305.wav|This is a commitment which is in our manifesto.|alba
alba/1121.wav|Market research indicates that this is not feasible.|alba
alba/1_108.wav|A derby match was on.|alba
alba/3756.wav|She was fit and healthy.|alba
alba/2772.wav|We did it absolutely straight.|alba
alba/2174.wav|We knew that it would be a radical process and take between two and three years to complete.|alba
alba/3581.wav|It was a great day.|alba
alba/2626.wav|All nine confirmed as alive.|alba
alba/2_409.wav|And that is quite difficult.|alba
alba/1810.wav|The situation has not changed from the position we were in a month ago.|alba
alba/2531.wav|He is not a dancer.|alba
alba/1700.wav|This is as bad as it can get.|alba
alba/1749.wav|The timing is intriguing and no doubt arranged to create as much damage as possible for the party.|alba
alba/2179.wav|It would have been great to have won the final race of the year.|alba
alba/3280.wav|With experience, they will learn to deal with playing in Glasgow.|alba
alba/3647.wav|Yet she is one of the lucky ones.|alba
alba/3029.wav|The power of story-telling should never be under-estimated.|alba
alba/2962.wav|I was very, very dejected.|alba
alba/2629.wav|He doesn't like the Labour Party.|alba
alba/1081.wav|Nothing should erode the confidence of any player if he knows he has been doing well.|alba
alba/641.wav|I am sure he will know their players and what they might do.|alba
alba/2_337.wav|He is a pro.|alba
alba/3003.wav|We have talked to the Scottish Executive today and will be in touch with them again in the morning.|alba
alba/2087.wav|It is also understood that the trial judge, Lord Reed, will be writing to the faculty about the proceedings.|alba
alba/2029.wav|It's been great.|alba
alba/748.wav|It was a good day for us.|alba
alba/3408.wav|Instead, he is being offered a job at the Royal Infirmary which the trust has been unable to fill.|alba
alba/815.wav|People expect the government to take a lead.|alba
alba/2319.wav|I'm not thinking about anybody else.|alba
alba/3178.wav|This is normal for him now.|alba
alba/1_190.wav|Those are difficult decisions.|alba
alba/2928.wav|This is amazing.|alba
alba/3527.wav|It will be a new experience for them.|alba
alba/4033.wav|National security is involved.|alba
alba/1_378.wav|Of course he wants to play, but he can't.|alba
alba/3918.wav|We welcome the attempts to help the workers to get alternative employment.|alba
alba/555.wav|That is as may be.|alba
alba/1999.wav|I don't think any of them will find it easy at St James Park.|alba
alba/2717.wav|Fortunately, at least he got it in the right order.|alba
alba/2273.wav|When we got them we had them just to be different and because we couldn't get anything else.|alba
alba/3526.wav|We will have to await the findings of our scientists.|alba
alba/3793.wav|I didn't even have the first idea.|alba
alba/1772.wav|She was so badly affected by it.|alba
alba/763.wav|There is an intelligence to it, it is saying something.|alba
alba/2422.wav|It is understood that the man will appear in Glasgow Sheriff Court today.|alba
alba/2346.wav|It was a memorable moment.|alba
alba/3391.wav|He never indicated that he knew about the relationship.|alba
alba/3452.wav|We were good in the first half but they came back at us after the interval.|alba
alba/2018.wav|They were worth the money.|alba
alba/2601.wav|But an executive spokesman rejected the accusations.|alba
alba/486.wav|This is something that should have been debated in the parliament.|alba
alba/566.wav|In each case, we have managed to sort out the situation.|alba
alba/3522.wav|I just don't know what to do about it.|alba
alba/1333.wav|We think they are socially important.|alba
alba/001.wav|Please call Stella.|alba
alba/1707.wav|There was a hell of a row.|alba
alba/487.wav|I don't know what they were trying to accomplish.|alba
alba/2508.wav|Information also is coming from other countries.|alba
alba/590.wav|It is easy to say we should not let that happen.|alba
alba/1708.wav|Downing Street said it was a matter for her.|alba
alba/019.wav|Since then physicists have found that it is not reflection, but refraction by the raindrops which causes the rainbows.|alba
alba/1_330.wav|We need some confidence to get a win.|alba
alba/1245.wav|I go on about it to people.|alba
alba/1_362.wav|I am not ready to walk away.|alba
alba/2271.wav|It is difficult to express the depths of my contempt for them.|alba
alba/2_100.wav|Admission is free  .|alba
alba/917.wav|He has a bit of experience and can do a job for us in the middle of the park.|alba
alba/1344.wav|But will they fall in love?|alba
alba/2412.wav|For years the Taliban regime has been obstructing these efforts.|alba
alba/015.wav|The Greeks used to imagine that it was a sign from the gods to foretell war or heavy rain.|alba
alba/2_188.wav|The current deployment is designed as a deterrent.|alba
alba/591.wav|He says the value of the book is broader than just the Taliban.|alba
alba/1527.wav|Without players, there are no directors.|alba
alba/2261.wav|They really want to do it.|alba
alba/2829.wav|That's all started already, of course it has.|alba
alba/779.wav|The thing is that all the players here have long-term contracts.|alba
alba/3083.wav|He is married, with two children.|alba
alba/1101.wav|His only other official commitment was a day of engagements in Northumberland on Tuesday, the day of the funeral.|alba
alba/1281.wav|There is ample evidence.|alba
alba/1021.wav|Jim Wallace, the justice minister, said, This has been a tragic and distressing case, and my thoughts are with the Chhokar family.|alba
alba/138.wav|Now, is that cynical - or what?|alba
alba/2_318.wav|Road conditions were described as appalling.|alba
alba/290.wav|It is frustrating for all of us, the players and the fans.|alba
alba/342.wav|They get on extremely well and the family locally is delighted.|alba
alba/2660.wav|We must get the three points.|alba
alba/3903.wav|People now realise how bad things are.|alba
alba/631.wav|The incident happened in the garage of his home.|alba
alba/1_033.wav|Why does he do it?|alba
alba/2461.wav|That could be at least five years away.|alba
alba/3081.wav|This championship is different from the other majors.|alba
alba/3592.wav|The software was developed in Scotland and only the British team have it.|alba
alba/1_145.wav|I think the scrummaging will build up.|alba
alba/3895.wav|The competition is going to be really severe.|alba
alba/483.wav|This has worked against the many who, over the years, have no right to it.|alba
alba/3983.wav|It is indeed a disaster!|alba
alba/3036.wav|He fears the report could affect his career as an English teacher in Bangkok.|alba
alba/1_196.wav|We can't go on like this.|alba
alba/3169.wav|This is entirely appropriate and overdue.|alba
alba/3271.wav|I would not do this.|alba
alba/2560.wav|We are happy with the referee.|alba
alba/3699.wav|I'm disappointed with my contribution.|alba
alba/3487.wav|My only response to this was  surely not.|alba
alba/1064.wav|I was not happy with either of the goals against us but the second one should have been avoided.|alba
alba/2727.wav|The service was very moving.|alba
alba/1_260.wav|But the killer remains at large.|alba
alba/1447.wav|Only one has produced a conviction.|alba
alba/107.wav|I just want to think about what we have to do now.|alba
alba/3270.wav|I really felt like someone had made a clerical error.|alba
alba/4014.wav|Why is this happening to me?|alba
alba/3403.wav|People were trying to do their best to deal with the situation.|alba
alba/1704.wav|Six men have been charged in connection with the incident.|alba
alba/1_124.wav|We are not alone.|alba
alba/169.wav|The story is very much about memory, people looking into the past and coming to terms with it.|alba
alba/1474.wav|Mr Bennett insisted the measures were necessary to stabilise the financial situation at the club.|alba
alba/3044.wav|We are far too hard on our own players.|alba
alba/2970.wav|Working with him was an experience.|alba
alba/3392.wav|An announcement on his replacement is expected within three weeks.|alba
alba/2084.wav|It also provides a wealth of contrast within the movement.|alba
alba/1290.wav|It is an honour to come back as champions.|alba
alba/3698.wav|You get to look good if you have people like that.|alba
alba/284.wav|They were away ahead of their opponents and they were the team who deserved to take the victory.|alba
alba/3884.wav|Admission is free.|alba
alba/2_182.wav|It was then he saw the boy.|alba
alba/3747.wav|He was later sentenced to life in prison.|alba
alba/151.wav|Things that have been promised in the past but have never happened.|alba
alba/2055.wav|I wasn't really angry but was a bit disappointed.|alba
alba/1204.wav|They decided to monitor his work.|alba
alba/1_068.wav|Planting is unlikely to start before next spring.|alba
alba/675.wav|Acting on that assumption, it's not going to have any significant effect on us for the foreseeable future.|alba
alba/1_389.wav|The film was great.|alba
alba/1143.wav|We can't get out of the city.|alba
alba/1_030.wav|I decided it is going to be William.|alba
alba/3624.wav|I thought he was dead.|alba
alba/1093.wav|I have to put it behind me.|alba
alba/3307.wav|Consider the advantage for referees.|alba
alba/3595.wav|Such a movie would only focus on one aspect of Burns.|alba
alba/3329.wav|This has been my first experience of playing at this level and it's been really great.|alba
alba/3710.wav|It has all been fantastic.|alba
alba/1015.wav|He had a really frustrating time last year.|alba
alba/1109.wav|I was furious at the time and very unsettled.|alba
alba/2370.wav|He is important to this club and he will not be transferred.|alba
alba/859.wav|We have until tomorrow night to see how everyone is.|alba
alba/2631.wav|However, we are talking about a situation from six years ago.|alba
alba/1_054.wav|We are looking for perfection.|alba
alba/2387.wav|We've been looking for a reason to care about something.|alba
alba/1816.wav|It was pretty terrifying.|alba
alba/1200.wav|They actually contacted us.|alba
alba/3219.wav|Somebody would come to you and say we are going to make this film.|alba
alba/2740.wav|I think most people can.|alba
alba/1_345.wav|What do you think?|alba
alba/3032.wav|The money will go straight to the headteacher.|alba
alba/1854.wav|Andy Irvine was the most exciting rugby player in Scotland for a decade.|alba
alba/2337.wav|We don't understand why you have done this to us.|alba
alba/2522.wav|From a Motherwell point of view, they can consider themselves unlucky at not taking something from the game.|alba
alba/813.wav|This was unheard of before.|alba
alba/2_341.wav|I was a wreck.|alba
alba/1007.wav|We only play for charity, to give something back to the kids.|alba
alba/2_403.wav|I know he meant it.|alba
alba/3623.wav|You are surrounded by people who are completely competent.|alba
alba/1868.wav|His replacement was named yesterday, following inquiries by The Herald.|alba
alba/2875.wav|We have a lot of things we have to look at.|alba
alba/3302.wav|I am just so proud of myself.|alba
alba/2_134.wav|I was shocked and outraged.|alba
alba/126.wav|Sadly, Kevin Toner decided we really needed to.|alba
alba/3228.wav|So the house is in a physical wilderness - but it's also a symbolic one.|alba
alba/2868.wav|It is a piece of Europe in our hands.|alba
alba/1191.wav|I am not putting myself down.|alba
alba/1_044.wav|It took two minutes to respond.|alba
alba/1882.wav|It was like a soap opera.|alba
alba/4006.wav|I never thought there was anything wrong with it.|alba
alba/2848.wav|A decision is expected next March.|alba
alba/2_163.wav|The researchers don't know.|alba
alba/1114.wav|Damage was confined to the cells and did not affect the main areas of the hall.|alba
alba/1820.wav|We would like that not to be the case but the evidence is there.|alba
alba/3663.wav|Our message is essentially a simple one.|alba
alba/013.wav|Some have accepted it as a miracle without physical explanation.|alba
alba/212.wav|That is another matter.|alba
alba/1955.wav|I have already done so.|alba
alba/2213.wav|They are not left wing.|alba
alba/749.wav|I didn't have a trio.|alba
alba/1858.wav|And now, the Taliban will pay a price.|alba
alba/2788.wav|Cathy Jamieson, minister for education and young people, described it as a platform to build upon.|alba
alba/573.wav|Charlie Whelan has never been mentioned at Cabinet and is never likely to be.|alba
alba/2901.wav|Even so, people talk about how much money we have spent.|alba
alba/2905.wav|There could be latent disease in Scotland.|alba
alba/3946.wav|The decision will be made on scientific evidence.|alba
alba/2_240.wav|She really is magic.|alba
alba/2103.wav|The report is not reassuring.|alba
alba/1324.wav|We have made some concessions but now it is up to them.|alba
alba/1_199.wav|We defended well, but couldn't do much in the attack.|alba
alba/3113.wav|Defensively England are very well organised.|alba
alba/1472.wav|I cannot imagine the situation of his wife and children at this time.|alba
alba/1694.wav|But it has largely vanished from the American debate.|alba
alba/2459.wav|They were embarrassed by their result against us in Paris, but they've got a new respect for Scottish rugby now.|alba
alba/1896.wav|Father is on the train.|alba
alba/3821.wav|I actually couldn't be happier.|alba
alba/1_264.wav|The computer was down.|alba
alba/1849.wav|The Scottish Parliament has had time to settle in and we feel that it is time for a decision.|alba
alba/1528.wav|Or is it  his?|alba
alba/3455.wav|It is distasteful so much money can be put into a campaign to change a democratic decision.|alba
alba/2983.wav|It has been spent on education.|alba
alba/3118.wav|The industry is already rejecting the report.|alba
alba/2090.wav|This will be my first game for seven weeks.|alba
alba/2132.wav|As a first offender, the likelihood is that it will be three months.|alba
alba/2028.wav|Meanwhile, the treasurer of the supporters club is singing.|alba
alba/2431.wav|We will remain vigilant.|alba
alba/637.wav|We know who they are.|alba
alba/2445.wav|Five were released after being treated for minor injuries.|alba
alba/268.wav|I always had something to say.|alba
alba/3412.wav|It is not easy and it is a long-term issue but it is something that we have to tackle.|alba
alba/3105.wav|It was the best thing to happen to me.|alba
alba/3278.wav|There are two.|alba
alba/974.wav|The numbers are simply amazing.|alba
alba/1375.wav|What people actually pay in Britain is usually a lot less.|alba
alba/2_086.wav|So they left.|alba
alba/2959.wav|It has taken a long time to deal with the case.|alba
alba/552.wav|Montgomerie expressed a warm welcome for the project.|alba
alba/1232.wav|Mental preparation is most important.|alba
alba/3380.wav|There are a huge number of arts.|alba
alba/3950.wav|That's why this committee has to speak to British Aerospace.|alba
alba/2752.wav|I am very proud of my players.|alba
alba/1_278.wav|But they have taken the lesson to heart.|alba
alba/1578.wav|They'll be in trouble if they haven't.|alba
alba/2_180.wav|A management agreement, however, was conceded.|alba
alba/2820.wav|The children are being very brave.|alba
alba/1016.wav|We know where they are.|alba
alba/4028.wav|He came in an army uniform.|alba
alba/1278.wav|It wasn't just a few of them.|alba
alba/635.wav|It was a major event.|alba
alba/2_306.wav|There is a good example in this city.|alba
alba/295.wav|I want to know what happened and why.|alba
alba/3379.wav|Everything has to come from inside.|alba
alba/2701.wav|It's the training element we want.|alba
alba/314.wav|That said, the fundamental problem remains.|alba
alba/3641.wav|Because that was who she was.|alba
alba/3425.wav|He said, The Prime Minister is signalling he intends to get involved in the issue.|alba
alba/3407.wav|Of course this affects the fans.|alba
alba/2574.wav|We have until the end of January to withdraw.|alba
alba/3144.wav|I am not happy with it.|alba
alba/3886.wav|It is a serious risk to the integrity of the inquiry.|alba
alba/3531.wav|He will continue to play his own way, but he is maturing.|alba
alba/1542.wav|One of their players was booked for diving and others deserved to be dealt with in the same way.|alba
alba/3233.wav|It was one of the happiest moments of my life.|alba
alba/1_133.wav|I could not run at all.|alba
alba/3680.wav|It would be really interesting if they did.|alba
alba/1_049.wav|I think he was nervous to begin with.|alba
alba/1_142.wav|The rest was badminton.|alba
alba/1132.wav|He's a great competitor who has all the shots.|alba
alba/2_154.wav|It was good to meet the prince.|alba
alba/1611.wav|It is time now to save the Ryder Cup for sport.|alba
alba/3016.wav|The government will bring forward the regulations to make the changes in the new year.|alba
alba/2268.wav|It is a very worrying time for the newspaper industry.|alba
alba/2703.wav|I didn't know anything was wrong and it felt very strange.|alba
alba/3209.wav|Their families in Ireland had been forced to wait two weeks to discover what their missing relatives were alive.|alba
alba/3249.wav|I cannot see the sense in that.|alba
alba/1436.wav|It was support as it should be.|alba
alba/1338.wav|Beyond that, we know nothing.|alba
alba/1_349.wav|I have never been in anything like that.|alba
alba/2891.wav|Both are fully fit and available for selection.|alba
alba/1751.wav|Travolta used his status and over-ruled that.|alba
alba/1351.wav|Neither did he identify any particular river that he believed to be at risk from a crofting community.|alba
alba/3404.wav|Over the last three years the number of incidents reported to police has risen.|alba
alba/2798.wav|All the boys are the same.|alba
alba/3923.wav|Something must be done.|alba
alba/3310.wav|I believe he has the ability to be a very good international player of the future.|alba
alba/3604.wav|Senior councillors appeared to be taken by surprise by the revelation, but had to be content with an explanation by an official that it was all down to clerical errors.|alba
alba/3786.wav|It was a worrying time for me.|alba
alba/973.wav|He said yesterday he was bitterly disappointed.|alba
alba/1_155.wav|I could go on.|alba
alba/2_248.wav|You can't explain the chemistry - it just happens.|alba
alba/806.wav|Many did not survive the conflict.|alba
alba/3352.wav|Which means that England are worth more than the rest of us.|alba
alba/736.wav|I miss out on that.|alba
alba/2375.wav|His arguments were supported by Mr Bevan.|alba
alba/1_413.wav|We have to win the group.|alba
alba/3111.wav|This is not only bad for Rangers as a club, it is also to the detriment of the whole game in Scotland.|alba
alba/2714.wav|It was the turning point of the afternoon.|alba
alba/1_380.wav|They will probably come back.|alba
alba/1019.wav|All were of North African origin.|alba
alba/2479.wav|The Foreign Secretary did not accept the Conservative Opposition was winning the argument.|alba
alba/3567.wav|To suggest that Scotland is capable of being a racist country is to ask for trouble.|alba
alba/3864.wav|Not that he seems to mind.|alba
alba/2025.wav|It's nothing serious but it is difficult to keep going and practising.|alba
alba/1388.wav|Missing one has not made me reluctant to take another.|alba
alba/4020.wav|I am the legal officer and my job is legal.|alba
alba/671.wav|He doesn't need to be told, he knows the truth.|alba
alba/3151.wav|It gave us the confidence we needed, and, after that, we knew we could win it.|alba
alba/3186.wav|You start to appreciate the beauty of reality, rather than the beauty of illusion.|alba
alba/955.wav|I tried to go for something original.|alba
alba/2050.wav|It might not have happened if we had beaten England.|alba
alba/670.wav|He is a master of deceit and delay.|alba
alba/1655.wav|I know this is something the majority of people in Scotland will support.|alba
alba/3502.wav|Johnston is entitled to that, whatever he or his advisers are accused of in the process.|alba
alba/2_146.wav|Players are only human.|alba
alba/2_047.wav|I have never seen anything like it.|alba
alba/1702.wav|It's not a disaster for us, but we certainly don't feel safe.|alba
alba/3960.wav|Thereafter he will join the paid ranks.|alba
alba/966.wav|I feel so much better for it.|alba
alba/2634.wav|We've got some good news and some bad news.|alba
alba/2_297.wav|There is also the usual caveat - that of cost.|alba
alba/3774.wav|They were a revelation, the shock of the old renewed, as it were.|alba
alba/407.wav|Still, a seven-under finish is further evidence of him coming back.|alba
alba/3823.wav|Of the three Cs, the currency is the big one.|alba
alba/1693.wav|But we will win the argument.|alba
alba/1581.wav|They don't want to talk to anyone.|alba
alba/1950.wav|You're going to need something to ease the agony.|alba
alba/1165.wav|We lost our composure towards the interval, he said.|alba
alba/3615.wav|Winners were in a roughly two-to-one majority.|alba
alba/537.wav|It is a joy to work in and around.|alba
alba/1934.wav|Did you have the winner?|alba
alba/1374.wav|He has the edge.|alba
alba/3090.wav|That is absolutely ridiculous.|alba
alba/2814.wav|There is no doubt that there has been a narrowing of the gap.|alba
alba/2_368.wav|They could not have done more for me.|alba
alba/2498.wav|Europe is not a threat to Britain.|alba
alba/101.wav|But will it survive the critics?|alba
alba/318.wav|People are aware of what we did.|alba
alba/3571.wav|I've got nothing but good things to say about her.|alba
alba/1888.wav|That was definitely the case.|alba
alba/1997.wav|The incident has only now been announced by police.|alba
alba/1624.wav|Here it was possible to feel sorry for her - she looked like a survivor from a hurricane and in fact she was.|alba
alba/3479.wav|It was a productive meeting for us all.|alba
alba/1_405.wav|He grew up in Peckham.|alba
alba/1914.wav|I go along with the Italian media view, that this is a step too far.|alba
alba/2_195.wav|But that's not this film.|alba
alba/2794.wav|This is a source of real concern for the area.|alba
alba/3866.wav|No one wants to go through these things.|alba
alba/2283.wav|The agency, he said, was already working with the Scottish Landowners Federation on research into attitudes to housing.|alba
alba/1095.wav|All this was my fault.|alba
alba/1_421.wav|I read that to the players.|alba
alba/2_279.wav|There is an illegal regime in Zimbabwe.|alba
alba/2577.wav|It adds a further doubt in the mind of the nervous consumer.|alba
alba/699.wav|It looks like it's come from his leg, but.|alba
alba/258.wav|It is expected they will come in from next April.|alba
alba/2182.wav|Yet he remains confident enough.|alba
alba/800.wav|They are resilient.|alba
alba/1_385.wav|I had come back from London.|alba
alba/2356.wav|Thankfully, we are now starting to get some consistency.|alba
alba/3564.wav|They had registered the Rangers players to save them undertaking the exercise.|alba
alba/460.wav|The prospect of further upheaval is a serious concern.|alba
alba/3978.wav|I know it is difficult when you are so far ahead, but the concentration must be maintained.|alba
alba/923.wav|Whatever we are asking for differs in no way.|alba
alba/2260.wav|The document argues that culture is at the heart of Scottish society.|alba
alba/2769.wav|He did, and he missed.|alba
alba/1469.wav|I believe the decision to come out here was justified.|alba
alba/4012.wav|We try to put on as competitive a race as possible.|alba
alba/1286.wav|We had so many good chances to score and yet we didn't get a goal.|alba
alba/2697.wav|There has been no decision yet on that.|alba
alba/2_386.wav|Joanne is happily writing away.|alba
alba/3880.wav|Dundee were the better side, especially in the second-half.|alba
alba/121.wav|There is also a perception that there is nothing we can do about it.|alba
alba/2049.wav|He is now back in Britain.|alba
alba/1981.wav|I shall not be joining him in this.|alba
alba/1381.wav|If we do make it then we have deserved to do so.|alba
alba/2352.wav|She was killed and her body was never found.|alba
alba/1082.wav|The project will need the backing of the Scottish Executive if it is to go ahead.|alba
alba/2_221.wav|There was only one hole in it.|alba
alba/3733.wav|You think he's not listening to you.|alba
alba/3005.wav|There will be exceptions.|alba
alba/1705.wav|If Scotland  can lead the way, it may be an example they can follow.|alba
alba/2804.wav|He is now the youngest player ever to win the Grand Slam.|alba
alba/2904.wav|I am a wealthy person.|alba
alba/2290.wav|You can't do any more damage to the pitch.|alba
alba/1_144.wav|I thought we worked hard in defence.|alba
alba/2316.wav|His family are at his bedside.|alba
alba/3282.wav|It is not easy.|alba
alba/1932.wav|I will support the Bank of England in the difficult decisions it has made.|alba
alba/3792.wav|All contractual matters are private and there will be no comment until the drivers are announced.|alba
alba/1_208.wav|Is that right?|alba
alba/349.wav|I feel very sad that these people have lost their lives.|alba
alba/1_149.wav|They would not make up their minds.|alba
alba/3045.wav|Some are genuine.|alba
alba/2903.wav|He was very popular.|alba
alba/2_402.wav|So what message is that?|alba
alba/1224.wav|She said the family had no doubts about agreeing to the treatment.|alba
alba/2_375.wav|My husband was angry.|alba
alba/1010.wav|And the winners were.|alba
alba/1952.wav|Fighting in a city is probably the most complex environment for military operations.|alba
alba/038.wav|Rita was still smiling when she said to the waiter, Sir, as a matter of fact, that small prize is first rate!|alba
alba/1_406.wav|It still has an effect.|alba
alba/2491.wav|Context is also very important.|alba
alba/2487.wav|It's not covered by the insurance.|alba
alba/164.wav|It's not easy playing in that kind of weather, even for an Australian.|alba
alba/1_286.wav|The cost of war is more than that.|alba
alba/3359.wav|Business is not meant to be conducted within the confines of this club.|alba
alba/2267.wav|We owe it to the public of Strathclyde.|alba
alba/2320.wav|I don't know why she is not here.|alba
alba/945.wav|We've got to get the show on the road.|alba
alba/3594.wav|We are still in talks and, hopefully, they will continue.|alba
alba/1399.wav|That alibi is now gone.|alba
alba/406.wav|Unison also called for extra money to be made available to finance the provision of information under the act, which it said was not being provided by the Scottish Executive.|alba
alba/1_255.wav|It is a matter of clarity.|alba
alba/2_331.wav|The growing self-belief is evident.|alba
alba/607.wav|You might get a novelist to work for the love of it, but not a stage manager.|alba
alba/2_138.wav|No, we had nothing to do with the Jews.|alba
alba/1656.wav|I asked him if he wanted to come off, or go for his hat trick.|alba
alba/1927.wav|We knew they had been heading that way.|alba
alba/2_346.wav|The real problem is the Usher Hall.|alba
alba/644.wav|I have nothing to regret.|alba
alba/1489.wav|I am happy to play for Aberdeen.|alba
alba/535.wav|It sounded as if it might well be tragic.|alba
alba/2343.wav|It may be argued.|alba
alba/3288.wav|We do not expect any decision before Wednesday.|alba
alba/701.wav|I thought we had the lion's share of the game.|alba
alba/1167.wav|Millions of motorists have to get used to a fuel they didn't know existed until yesterday.|alba
alba/3073.wav|I knew the course was playing very difficult.|alba
alba/2706.wav|I don't think there is a greater achievement than that.|alba
alba/1808.wav|It took the first group four and a half hours?|alba
alba/4029.wav|And the children are also introduced to playing in ensemble.|alba
alba/1062.wav|She was planning to open one.|alba
alba/2751.wav|The grieving couple were staying with relatives.|alba
alba/1162.wav|We were afraid.|alba
alba/1439.wav|It is about time this type of study was made a priority.|alba
alba/1296.wav|The feeling is now one of anguish.|alba
alba/2418.wav|He was handed over by the parents to social workers for a four-week assessment and not given back.|alba
alba/2365.wav|He did and we should.|alba
alba/3426.wav|It was a cruel way to lose.|alba
alba/1_283.wav|They were just going in from everywhere.|alba
alba/1342.wav|I thought we were the better side in the first half and were unlucky to be a goal down.|alba
alba/1_343.wav|It really doesn't make a difference to me.|alba
alba/1_058.wav|This is hardly a promising start.|alba
alba/2858.wav|They are just confused.|alba
alba/1_257.wav|Crucially, though, the conversion was missed.|alba
alba/3446.wav|He will need to be prepared for a higher public profile.|alba
alba/132.wav|It had all got too much.|alba
alba/723.wav|We believe that fuel taxes should be lower.|alba
alba/067.wav|Discussions continue and they are likely to continue into next week.|alba
alba/1_335.wav|Shocking it was.|alba
alba/2197.wav|He left the hospital without receiving any medication.|alba
alba/1_363.wav|Many referees are on a hiding to nothing.|alba
alba/3074.wav|Dundee had won again.|alba
alba/1_039.wav|I always get a hammering there.|alba
alba/3901.wav|I realise the situation with Rangers, and a lot of people think the league is over, and they think they have won the league.|alba
alba/716.wav|For who are we to take away the dreams of children?|alba
alba/668.wav|That is not, however, the case.|alba
alba/2385.wav|I have never been excited like this before.|alba
alba/829.wav|I got off to a flier last year and tried to maintain it and didn't.|alba
alba/094.wav|It's hard to know what all this inventiveness is saying.|alba
alba/3284.wav|That certainly wasn't the motive in doing the research in the first place.|alba
alba/354.wav|So she did.|alba
alba/3475.wav|Clearly the integrity of competitions is paramount.|alba
alba/2424.wav|Most certainly King is among them.|alba
alba/3488.wav|It is going to be four days of hard work.|alba
alba/1990.wav|There was a hole in it.|alba
alba/3606.wav|Far more so than they were in the campaign.|alba
alba/722.wav|I haven't been treated like that.|alba
alba/1249.wav|It was chaos.|alba
alba/1641.wav|Playing for the Lions is unique.|alba
alba/431.wav|We had feared that it would be ligament damage, which would have meant he would have been out for a lot longer.|alba
alba/564.wav|One is investment, one is reform.|alba
alba/2_335.wav|Sub Not Used, McPhee.|alba
alba/2_269.wav|Mr. Mason could not be contacted.|alba
alba/1_098.wav|It was exactly four months away.|alba
alba/916.wav|I don't want to do too much.|alba
alba/2_382.wav|What can we say?|alba
alba/919.wav|He offered a very different approach.|alba
alba/1679.wav|But it may be that he will be free to help prepare the squad for the real thing, in September.|alba
alba/1126.wav|Broomfield was the centre of the town.|alba
alba/3794.wav|I don't know the nature of the illness.|alba
alba/1917.wav|We would always investigate the matter.|alba
alba/551.wav|It took about five or six hours.|alba
alba/697.wav|There is absolutely no evidence to suggest he was guilty.|alba
alba/1943.wav|I see no problem in discussing it here, but it is not really a matter for Government.|alba
alba/869.wav|It will take time.|alba
alba/1369.wav|We must have also been told that we must play in the afternoon when we will not have a full house.|alba
alba/1348.wav|But we will just have to put it behind us and get on with it.|alba
alba/1161.wav|Things have changed since then, but you know what?|alba
alba/1256.wav|This is not a time for pretty football.|alba
alba/1902.wav|But nothing is as it seems.|alba
alba/3399.wav|There is no reason for me not to come back and everyone should know this.|alba
alba/2189.wav|All they need now is the entertainment licence.|alba
alba/2827.wav|Running that was not difficult.|alba
alba/2106.wav|He has to learn.|alba
alba/139.wav|The situation is becoming catastrophic in Albania.|alba
alba/2843.wav|But these are just two of the most obvious difficulties inherited by the new chairman of the Scottish Arts Council.|alba
alba/3659.wav|There is a deal.|alba
alba/3719.wav|We said, this is it, this time.|alba
alba/2122.wav|This is an attack on farmers as well as the whisky industry.|alba
alba/3668.wav|However, he had not yet been charged in connection with the robbery.|alba
alba/1341.wav|It was perfectly normal conversation.|alba
alba/597.wav|I invested in the lot with most of my investment put in between April and June last year.|alba
alba/4036.wav|I really do want to play in this tournament again.|alba
alba/875.wav|He's been in Dr Who, played with the Royal National Theatre, all that stuff.|alba
alba/569.wav|We think that this is not in the interests of the patients who will be using the hospital.|alba
alba/1912.wav|Musically her mind is so open that doesn't really matter.|alba
alba/3135.wav|We are overjoyed.|alba
alba/180.wav|That is now a matter entrusted entirely to the parole board.|alba
alba/2066.wav|It is not too far from Edinburgh to Glasgow.|alba
alba/1228.wav|However, the board said there was a link between two of the three cases.|alba
alba/1718.wav|The time limit for those at liberty is a year and a day.|alba
alba/2381.wav|This was a very serious assault.|alba
alba/616.wav|At the moment, Scotland is more like a colony of a Governor General.|alba
alba/2650.wav|Henry McLeish is, and always has been, addicted to football.|alba
alba/1_060.wav|It is an important step forward.|alba
alba/1598.wav|This is not a European Army.|alba
alba/841.wav|I'm so happy that she did.|alba
alba/1937.wav|It was largely ineffective for two reasons.|alba
alba/1_036.wav|I am really ready for it now.|alba
alba/325.wav|Now the public sector Unison is set to put its weight behind the demand for change.|alba
alba/633.wav|Watch out for it appearing.|alba
alba/441.wav|The money is within the total allocation.|alba
alba/1901.wav|That's the only scenario that makes sense to me.|alba
alba/2010.wav|I hope the foundation will be laid for maintaining and enhancing the network.|alba
alba/1234.wav|It is one of those things and, hopefully, we will get back up again.|alba
alba/3504.wav|We were very fortunate to hold on in the end.|alba
alba/2686.wav|A deadline is still essential.|alba
alba/1_358.wav|Not in this production he doesn't.|alba
alba/3600.wav|I have never taken issue with the government at all over the need for a military build-up.|alba
alba/020.wav|Many complicated ideas about the rainbow have been formed.|alba
alba/2_381.wav|It's the performance we want.|alba
alba/3542.wav|Everyone here has a gun, and they know how to use them.|alba
alba/3971.wav|I used to be a drug dealer.|alba
alba/1_331.wav|It was an accident.|alba
alba/2209.wav|I am a racing driver and it is my life to do this.|alba
alba/2514.wav|For the good of Dundee United, we don't think that it was appropriate for him to do so.|alba
alba/3225.wav|We are absolutely desperate to get back in there.|alba
alba/2258.wav|I was living with my mum.|alba
alba/341.wav|What's the best thing to do?|alba
alba/2552.wav|Players don't come to them for the money.|alba
alba/828.wav|So was the defending.|alba
alba/2608.wav|It looks like the people are really determined to have their say.|alba
alba/1536.wav|The city has already lost too many of these.|alba
alba/1242.wav|It shows a contempt by him for the industry.|alba
alba/3545.wav|This is only the beginning.|alba
alba/140.wav|This is a very exciting discovery.|alba
alba/3842.wav|He expressed a desire to see the meeting become an annual event.|alba
alba/1316.wav|How many cases have there been?|alba
alba/2716.wav|Whether there is substance behind it remains to be seen.|alba
alba/1781.wav|That was the lesson to be learned from the European Championships.|alba
alba/695.wav|I never see it as an issue.|alba
alba/1102.wav|The money will be raised from the market in two ways.|alba
alba/4023.wav|He said it was too early to call a public inquiry.|alba
alba/189.wav|I was absolutely dismayed by these remarks.|alba
alba/1451.wav|He wants me to play.|alba
alba/781.wav|To lose one official would have been unfortunate.|alba
alba/1_165.wav|She has the biggest part.|alba
alba/1365.wav|There is going to be a lot of violence.|alba
alba/2_315.wav|We certainly hope we have been successful.|alba
alba/588.wav|You have to wonder why.|alba
alba/2511.wav|They live in a very structured environment.|alba
alba/3709.wav|The deal was never made.|alba
alba/2688.wav|Didn't have the courtesy to wait for the star turn.|alba
alba/405.wav|Local authorities and bus companies are being encouraged to work together to deliver high quality services, she said.|alba
alba/823.wav|The criticism of Berti has been a joke.|alba
alba/2781.wav|The ball can be casually played out by the side of the foot.|alba
alba/975.wav|Covering this festival was something we had to do.|alba
alba/3840.wav|So - that is what you do.|alba
alba/1785.wav|We were sick of the sight of one another.|alba
alba/1492.wav|I'm disappointed for Martin.|alba
alba/3819.wav|First Minister Donald Dewar will respond.|alba
alba/418.wav|Any decision about that will be taken by West of Scotland Water.|alba
alba/3767.wav|What if anything is to happen to these players now?|alba
alba/2301.wav|She also accused the Scottish Executive of dealing with the matter in secrecy.|alba
alba/3931.wav|They were interviewed and warned against any repetition of their actions.|alba
alba/2936.wav|Would that have reminded them of the Falklands?|alba
alba/2166.wav|The ball is firmly at their feet.|alba
alba/2229.wav|That is why it was a manifesto commitment in the last election.|alba
alba/3555.wav|I am not ready for Lennox Lewis.|alba
alba/3511.wav|I really just do not need them.|alba
alba/495.wav|I have been in New York and not seen the sky.|alba
alba/2259.wav|It would be unlikely to be the west coast of Scotland because of its concentration of fish farms.|alba
alba/2691.wav|They usually do.|alba
alba/3258.wav|I would definitely say the training is worthwhile.|alba
alba/2062.wav|A review of the situation is scheduled to take place in May.|alba
alba/044.wav|Come over here and join me, a voice said, he looked around and saw Scott, staggering towards him.|alba
alba/2_039.wav|There are no winners and losers.|alba
alba/1_249.wav|Indeed, they are a genre in their own right.|alba
alba/447.wav|He is unable to identify any particular moment he decided he would go for the lot, but his holidays in Scotland became more regular.|alba
alba/1423.wav|There is no way to stay alive.|alba
alba/2965.wav|However, we have only had two games and it is my job to get the team up.|alba
alba/2_036.wav|They haven't got the uniform.|alba
alba/2_172.wav|Now, there was no need for that.|alba
alba/1065.wav|I like this course and it's nice to come into this tournament playing well.|alba
alba/2605.wav|We are good enough to stay in the Premier League.|alba
alba/3441.wav|A week is indeed a long time in this business.|alba
alba/2530.wav|I can understand that.|alba
alba/1309.wav|He did a good job.|alba
alba/1_099.wav|This is a personal decision for me.|alba
alba/1674.wav|John Lambie will tomorrow announce his retirement from management.|alba
alba/1516.wav|We couldn't go very fast.|alba
alba/705.wav|They approached their management, who took it on board.|alba
alba/3708.wav|It will be expensive in the first instance but that is no excuse for not doing it.|alba
alba/1993.wav|The prime minister will have to work hard to allay their fears.|alba
alba/791.wav|I don't see any problem.|alba
alba/368.wav|We have not had reason to.|alba
alba/2555.wav|The Serbian prime minister said the former Yugoslav president would be charged within two months.|alba
alba/1614.wav|All the players are getting to know each other better.|alba
alba/3768.wav|I'll be going back to work tomorrow.|alba
alba/1_387.wav|Which is good news.|alba
alba/3371.wav|I never thought it would come to this.|alba
alba/2_367.wav|It was like a fire bomb.|alba
alba/1_374.wav|I have never gotten over that.|alba
alba/1393.wav|No-one at Perth and Kinross Council was available for comment yesterday.|alba
alba/2_208.wav|Is that such a bad thing?|alba
alba/2_264.wav|Both sides have to step back.|alba
alba/1131.wav|Audiences are much more important than they realise they are.|alba
alba/1823.wav|Everybody is upset about this.|alba
alba/3634.wav|We will stick to our normal game.|alba
alba/1537.wav|We would have to consider our position at that time, as we can't afford to compromise the stadium.|alba
alba/3206.wav|It was just one man.|alba
alba/2_096.wav|These have been strongly denied by him.|alba
alba/3361.wav|He made the flight to Britain entirely of his own accord.|alba
alba/2120.wav|He has been told to rest for four to six weeks, but United are hopeful he will then be able to start working towards reclaiming a first-team place.|alba
alba/1_157.wav|Stay in line.|alba
alba/1246.wav|Because that is what it is.|alba
alba/2876.wav|There are certain things that are special to me.|alba
alba/197.wav|The idea that there was anything improper in the process is ludicrous.|alba
alba/3550.wav|No-one should feel anything but delight on behalf of both of these immigrants.|alba
alba/2_173.wav|And that is very good indeed.|alba
alba/848.wav|Surely the tax-raising capacity of the Scottish Parliament would be exhausted by this one measure alone.|alba
alba/2_356.wav|I thought he was part of the camera.|alba
alba/4016.wav|You can pretty well take it from there.|alba
alba/110.wav|But it has been an amazing experience.|alba
alba/2_179.wav|I will be very happy today.|alba
alba/3578.wav|This advice was accepted by ministers.|alba
alba/1628.wav|Shaun Maloney should also have been in the squad.|alba
alba/776.wav|Only the two other medallists were within half a minute.|alba
alba/562.wav|It is not a road of life.|alba
alba/650.wav|This will be my first title.|alba
alba/619.wav|They shouldn't be on the same day.|alba
alba/2499.wav|It is more difficult, but it is possible.|alba
alba/3277.wav|We are going to New Broomfield to win.|alba
alba/2742.wav|Alex Rowley was put into a job he could not do.|alba
alba/2729.wav|For an hour of our game, they were not very dangerous at all.|alba
alba/3421.wav|We constantly have to ask them to turn it down.|alba
alba/309.wav|The players have to look at themselves.|alba
alba/943.wav|Yesterday, it was to fight for his political life.|alba
alba/1692.wav|We felt it was sufficient.|alba
alba/1_269.wav|Is this back to normal?|alba
alba/2_044.wav|It's like watching a disaster movie unfold.|alba
alba/1120.wav|There will be a lot less money around.|alba
alba/1_322.wav|It has to be now.|alba
alba/3818.wav|Capital gains tax is also being reduced.|alba
alba/1_366.wav|People like to talk about these things.|alba
alba/649.wav|I could have played them with other people.|alba
alba/2_097.wav|We have worked well with them for years.|alba
alba/3536.wav|But everyone is in this together.|alba
alba/2728.wav|His opposite number will remember little about his involvement.|alba
alba/353.wav|Since then, the steamer has not been far from the headlines.|alba
alba/1_200.wav|Can he do it?|alba
alba/717.wav|It was all relative.|alba
alba/3934.wav|But they do it, which has to be admired.|alba
alba/2595.wav|The interest was obviously a boost to my confidence.|alba
alba/2265.wav|But there are always professional and personal reasons.|alba
alba/226.wav|Does anyone seriously think it has nothing to do with the policies of this government?|alba
alba/1876.wav|To meet the requirement to meet the Health and Safety Executive requirements, the funds will be there.|alba
alba/1070.wav|Labour was elected to invest in health, education, and pensions.|alba
alba/1261.wav|It was impossible to take them.|alba
alba/2394.wav|It will go back to the Lords and we will see what happens.|alba
alba/2416.wav|It's always been done on a voluntary basis.|alba
alba/595.wav|That was the context of his remarks.|alba
alba/3468.wav|We were looking for a base.|alba
alba/2235.wav|The fires that used to keep going on - we had the fire department out three times.|alba
alba/3725.wav|We even wear the clothes, and Hollywood is making the movies again.|alba
alba/3966.wav|There was no need for this to happen.|alba
alba/777.wav|Many asylum seekers are too terrified to come out of their houses.|alba
alba/1156.wav|Maybe the one after that or maybe the one after that would be the time, was his opinion.|alba
alba/330.wav|Reasons for running were closely linked with emotional and relationship issues within families.|alba
alba/2914.wav|Open the door, open the door.|alba
alba/3685.wav|The Bridge is now being considered as a world heritage site.|alba
alba/1_238.wav|He's a good guy to watch.|alba
alba/2_130.wav|But look at him now.|alba
alba/3117.wav|All round, he is a very good player.|alba
alba/2_391.wav|I think he is a wonderful playwright.|alba
alba/1078.wav|There will be no further warnings.|alba
alba/2715.wav|Low pay is endemic in the Scottish health service.|alba
alba/3852.wav|I'll have to go away and look at it.|alba
alba/946.wav|The other royal visitors were the Prince of Wales, the Princess Royal, the Duke of Edinburgh, the Duke of York and the Earl of Wessex.|alba
alba/2_152.wav|They were very unfair to him.|alba
alba/2767.wav|All it needed was new blood.|alba
alba/2_327.wav|Today she has been released.|alba
alba/855.wav|We have been preparing for this for two years.|alba
alba/3338.wav|No, they have not.|alba
alba/1225.wav|They were the best team, but unlucky in the end.|alba
alba/674.wav|I can't remember that.|alba
alba/1_306.wav|I don't know what went wrong.|alba
alba/1_412.wav|It was great!|alba
alba/3992.wav|That could happen to them.|alba
alba/207.wav|The perception in Australia is that the county championship is improving year-on-year.|alba
alba/2317.wav|Appearances can be deceptive.|alba
alba/2354.wav|I do not believe them to be a seller.|alba
alba/2582.wav|It is not good enough.|alba
alba/1206.wav|I was a local hero.|alba
alba/253.wav|Headteachers want their pupils to conform.|alba
alba/1_341.wav|My ambitions are still with football.|alba
alba/1_398.wav|It requires a wider team.|alba
alba/2860.wav|The president will not be removed from office.|alba
alba/3170.wav|Everybody knew it.|alba
alba/1_171.wav|There are no second chances.|alba
alba/2005.wav|Then we get underneath the skin of the relationship.|alba
alba/2276.wav|There is a big appetite for western music in the major cities.|alba
alba/2380.wav|I have a dream.|alba
alba/2023.wav|All my attention is on the Surrey match.|alba
alba/3748.wav|We need a striker and are still looking around.|alba
alba/728.wav|Our fans have been marvellous.|alba
alba/530.wav|In Scotland that is the case.|alba
alba/598.wav|This story is just going on and on.|alba
alba/864.wav|It doesn't make me feel any better.|alba
alba/1080.wav|So then, of course, they wanted to do more.|alba
alba/2_062.wav|I'd already had them all.|alba
alba/2610.wav|We should rebel against it before it is too late.|alba
alba/3215.wav|Is all this really a sacking case?|alba
alba/2059.wav|It's hard to put into words.|alba
alba/1_034.wav|That's what is important.|alba
alba/2816.wav|They were much more direct.|alba
alba/1265.wav|Few civilians are prepared to talk to the authorities.|alba
alba/2779.wav|There is no internal party appeal.|alba
alba/883.wav|That is the difference between us and them.|alba
alba/2681.wav|The Olympic committee should be ashamed of themselves.|alba
alba/2587.wav|It is all to do with the coaching.|alba
alba/1210.wav|There have been many different people, but really he is the company.|alba
alba/2_087.wav|He is very sensitive.|alba
alba/1509.wav|The following year announced he was getting a divorce.|alba
alba/2569.wav|Women should expect to feel safe and comfortable in the Scottish legal system.|alba
alba/3907.wav|New York is expected to come to a standstill.|alba
alba/434.wav|He is at the top of his game just now and the strongest Scottish defender around at the moment.|alba
alba/3168.wav|He deserves a top team.|alba
alba/3237.wav|It is desperately necessary.|alba
alba/2183.wav|So it was good that he was in position to help others.|alba
alba/1836.wav|I have no reason to suppose that anything has changed.|alba
alba/1488.wav|This is wrong.|alba
alba/2300.wav|They are not in the frame of mind to be forgiving.|alba
alba/589.wav|If people are trying to chat with me, it's impossible to get information about a product.|alba
alba/2359.wav|It was rather a distorted image of Islam.|alba
alba/1667.wav|Balakov, too, had his moments.|alba
alba/3528.wav|That is where the players will capitalise.|alba
alba/2622.wav|Well, he should know.|alba
alba/1360.wav|We still need to assess the impact of this legislation to see what the implications may be.|alba
alba/3142.wav|Our life was pretty restricted by dialysis.|alba
alba/3553.wav|It is anything but.|alba
alba/1457.wav|I suppose it is a bit like playing football in Scotland.|alba
alba/2441.wav|I really don't know what is going to happen.|alba
alba/2_400.wav|He is a record-breaker.|alba
alba/317.wav|The choice is excellent and the prices are very good.|alba
alba/1_288.wav|I'm just looking to have a rest.|alba
alba/2664.wav|We are not used to some of the things they did in the first leg.|alba
alba/2091.wav|The cold war is over.|alba
alba/1_117.wav|It's my delight on a shiny night.|alba
alba/2135.wav|Accuracy is crucial and failure and misjudgment are catastrophic.|alba
alba/2110.wav|We will definitely be running a stage on the Friday evening in Leith.|alba
alba/2_415.wav|That has to be the way ahead.|alba
alba/2251.wav|It runs in cycles.|alba
alba/1863.wav|I'm just going to hit the shot.|alba
alba/3188.wav|They have some very good players based in Europe.|alba
alba/3040.wav|They are doing a really good job of entertaining us.|alba
alba/1258.wav|You have been happy.|alba
alba/3175.wav|He is well known by some of our players.|alba
alba/2872.wav|This is in the same area of compensation.|alba
alba/2_210.wav|Family comes first.|alba
alba/501.wav|Without them, it certainly would be devalued.|alba
alba/2200.wav|The go-ahead was expected from then Scottish Secretary Donald Dewar last December.|alba
alba/2625.wav|The research was my life.|alba
alba/3601.wav|I was not suited to it.|alba
alba/3770.wav|I am disappointed, but not defeated.|alba
alba/1364.wav|It will lead to people going over the top.|alba
alba/2_407.wav|Sacking John Redwood is a disaster.|alba
alba/2318.wav|Nothing can be taken for granted.|alba
alba/2985.wav|School became so difficult for her that her parents reverted to teaching her at home.|alba
alba/097.wav|He said he had contacted the procurator-fiscal's office and made a formal report to the police.|alba
alba/913.wav|You wouldn't believe it.|alba
alba/2364.wav|That it was such a compelling contest is down to their contribution rather than the lacklustre display from the Brazilians.|alba
alba/394.wav|They have given them something to aspire to.|alba
alba/2801.wav|It got no better.|alba
alba/1424.wav|That is my aim - to be in with a chance on Sunday night.|alba
alba/1577.wav|It is also an excuse to get your money.|alba
alba/2347.wav|Historically, we have accepted patients from Carstairs in the past and we are continuing to do so.|alba
alba/084.wav|Paul McCartney has given his home city a performing arts centre.|alba
alba/1_323.wav|We call it marriage.|alba
alba/3454.wav|After that, proceedings could take four months.|alba
alba/319.wav|A wide range of restrictions are in place.|alba
alba/727.wav|The boy was in a stable condition last night at the Royal Hospital for Sick Children.|alba
alba/1_350.wav|It should be easy.|alba
alba/2_197.wav|There is nothing new about this arrangement.|alba
alba/2735.wav|I wasn't aware of that but it really makes no difference.|alba
alba/2502.wav|There is a positive dynamic.|alba
alba/1811.wav|It has been very refreshing to have him around on the team.|alba
alba/3037.wav|They were celebrating Scottish football.|alba
alba/1978.wav|This information is way beyond their years.|alba
alba/2030.wav|I feel it is important for him to carry himself with dignity and grace.|alba
alba/4010.wav|Better the devil we know, he argues.|alba
alba/1595.wav|He is what we need at the centre of the defence.|alba
alba/2232.wav|Yes, it helps to have a girlfriend who has been involved in sport at the highest level.|alba
alba/2_380.wav|Two charges of threatening crew members were dropped.|alba
alba/032.wav|After dinner, father will often sit down and read the paper, relaxing as his belly grows bigger and fatter.|alba
alba/1_103.wav|I am not happy with proposals for widows.|alba
alba/1_239.wav|It was good to work with them.|alba
alba/3339.wav|I'll tell you one thing.|alba
alba/389.wav|Finally, Lady Archer was asked if it had been difficult to concentrate on work.|alba
alba/1562.wav|We have not given up.|alba
alba/2113.wav|So many of the division two teams play from the heart.|alba
alba/3476.wav|We have nothing to prove to anyone and we have nothing to lose.|alba
alba/1710.wav|So are we.|alba
alba/2_361.wav|But it was fun.|alba
alba/1013.wav|The difference in criteria in Scotland and England is part of the reason for the disparity in treatment.|alba
alba/2_300.wav|Let's hope he becomes a natural leader.|alba
alba/603.wav|The Farmer couldn't contain his jealousy.|alba
alba/2176.wav|This is a crucial area for us and we are determined to keep on top of the situation.|alba
alba/3802.wav|The two are not exclusive.|alba
alba/2297.wav|A review of the system will be a priority.|alba
alba/2_193.wav|The trick is not to panic.|alba
alba/2745.wav|It's always a great atmosphere.|alba
alba/1_395.wav|Who is running football in this country?|alba
alba/2789.wav|See for yourself.|alba
alba/2_241.wav|What is the use of living like this?|alba
alba/3762.wav|If they continue with this position, they are going against the unanimous decision of the European Commission.|alba
alba/3127.wav|It was a very difficult period.|alba
alba/413.wav|It does not work that way in Scottish football.|alba
alba/2_085.wav|We just have to wait.|alba
alba/1_312.wav|They are worried about that.|alba
alba/1711.wav|I am not a threat to coaches.|alba
alba/1285.wav|I've never had problems with any football managers.|alba
alba/652.wav|Keep things in perspective.|alba
alba/3777.wav|They were not even all there.|alba
alba/1_182.wav|That is the sensible outcome.|alba
alba/3596.wav|Doing so is only worthwhile sometimes.|alba
alba/2922.wav|I have spoken to him on a daily basis and that is not the case.|alba
alba/1640.wav|However, there is great potential in this right.|alba
alba/1_050.wav|Yes it does.|alba
alba/1_394.wav|British officials said they could not say.|alba
alba/928.wav|Now we are looking to get even better.|alba
alba/400.wav|It is the culmination of more than a year-and-a-half of development on the show.|alba
alba/1502.wav|We were in agony.|alba
alba/1416.wav|It is not, however, a threat to global security so far.|alba
alba/1110.wav|Sufferers seeking conventional treatment may be offered a range of drugs.|alba
alba/1238.wav|It reveals the commissioner has found against him in the original complaint.|alba
alba/1525.wav|The MoD has given no explanation for the delay in announcing the successful bidders for the contract.|alba
alba/543.wav|It is just an unfortunate incident.|alba
alba/2095.wav|We are very, very confident.|alba
alba/1168.wav|And the message is always positive.|alba
alba/851.wav|I attended the Royal High School in Edinburgh.|alba
alba/2770.wav|Their conditions were described as serious but stable.|alba
alba/1_222.wav|It is just great to be involved.|alba
alba/245.wav|The idea became interesting.|alba
alba/467.wav|How much bigger can you get?|alba
alba/2_075.wav|I wonder where they learned that?|alba
alba/2921.wav|I didn't know he had that side to him.|alba
alba/2188.wav|So in that way the child is very much a victim.|alba
alba/3134.wav|I think we have a lot of advantages.|alba
alba/1243.wav|We had a visitor who put all our problems in the shade.|alba
alba/3053.wav|There was no obvious solution.|alba
alba/1940.wav|I had a very musical upbringing.|alba
alba/931.wav|It raises the edge.|alba
alba/949.wav|This would be in tune with the council's social inclusion policy.|alba
alba/1138.wav|People are dying as we speak.|alba
alba/2_053.wav|Life has to go on.|alba
alba/1466.wav|Even so, this proportion is much lower than in some of our main industrial competitors.|alba
alba/1187.wav|But he is an unusual landlord.|alba
alba/2111.wav|We are trying to be more honest with it.|alba
alba/2609.wav|The Scottish Parliament has been a disaster for business and we are running out of patience.|alba
alba/2_423.wav|You see, my back has gone.|alba
alba/1470.wav|London has the Tate and National Gallery.|alba
alba/1619.wav|There was no obligation that it should be.|alba
alba/316.wav|It is indeed a clearer statement of that position.|alba
alba/2246.wav|After that it was put back into use.|alba
alba/2_378.wav|I had to win this race.|alba
alba/3346.wav|Nobody was injured.|alba
alba/2_344.wav|I am going to win the next two.|alba
alba/3561.wav|I just think it's a shame that the women have to be out working on the street.|alba
alba/3833.wav|I am desperate to play in this match.|alba
alba/3444.wav|There could have been many more injuries.|alba
alba/1635.wav|Ferguson had done his homework.|alba
alba/571.wav|We go back a long way together.|alba
alba/2037.wav|They never got into the show this time.|alba
alba/3495.wav|There was nowhere for him to go.|alba
alba/1511.wav|I want to go to the Champions League with my team.|alba
alba/3150.wav|We have worked together for many, many years.|alba
alba/2_093.wav|It was not deserved.|alba
alba/2_226.wav|His concern is only for the future.|alba
alba/1560.wav|I am a Dunfermline player now.|alba
alba/3996.wav|In my case it was a challenge.|alba
alba/910.wav|We are extremely pleased to be supporting the game in Scotland in this way.|alba
alba/2889.wav|I am very disappointed.|alba
alba/1033.wav|What did we learn?|alba
alba/2795.wav|The plane was in flames|alba
alba/1_404.wav|There was pressure from elsewhere too.|alba
alba/1363.wav|Now they are considering moving.|alba
alba/1091.wav|As she put it - we believed that we were married, that was the job done.|alba
alba/3094.wav|In a way it made me get closer to my ideas.|alba
alba/1_342.wav|But that won't happen tomorrow night.|alba
alba/3289.wav|Hopefully it will work again.|alba
alba/1789.wav|I am a little uncertain.|alba
alba/1963.wav|Beating England was the turning point for us.|alba
alba/2_150.wav|They will certainly need to be.|alba
alba/787.wav|I have always regarded myself as Scottish.|alba
alba/1743.wav|The trend is moving against them and will continue to do so.|alba
alba/2368.wav|Europe is too important to be left to the Left.|alba
alba/1735.wav|Why don't you go and get yourself a cup of coffee?|alba
alba/1922.wav|We do not believe they would.|alba
alba/1_340.wav|They thought they had found a home.|alba
alba/525.wav|But his defences were good.|alba
alba/2896.wav|Now we see the impact of global politics.|alba
alba/1_063.wav|It has been a horrible, horrible time.|alba
alba/3782.wav|He has got a combination of everything.|alba
alba/672.wav|This is a fine appointment.|alba
alba/1984.wav|Especially as the World Cup is in the Northern Hemisphere.|alba
alba/3012.wav|We would welcome a greater emphasis on carcasses.|alba
alba/1_229.wav|It is a writer's panel.|alba
alba/2150.wav|I only did this because nobody else would.|alba
alba/3227.wav|But the players simply enjoy the experience of Loch Lomond.|alba
alba/2_206.wav|He is not welcome in football.|alba
alba/1_246.wav|They might be losing that.|alba
alba/3091.wav|That is surely the final straw.|alba
alba/1_035.wav|What do you do again?|alba
alba/3608.wav|He hoped the settlements could be made as quickly as possible.|alba
alba/1872.wav|I've always been a show-off.|alba
alba/2722.wav|When he could not do so, the deal was called off.|alba
alba/142.wav|You just sit down and get on with it, as audience across the world have been doing, from New York to Belfast and Barcelona.|alba
alba/439.wav|However the event will be closed to members of the public and media.|alba
alba/1796.wav|O Grady was picked up unharmed.|alba
alba/2_186.wav|We were concerned.|alba
alba/2570.wav|There was a lot of tension, you could have cut it with a knife.|alba
alba/2913.wav|This did not take two minutes.|alba
alba/3859.wav|It is something we agree to accept and understand.|alba
alba/2_081.wav|Wednesday night was a difficult time for Britton.|alba
alba/127.wav|This solution is not being considered in Scotland.|alba
alba/992.wav|O Meara said that the statistics show that he is not a better player.|alba
alba/3683.wav|We'll be all right.|alba
alba/1_209.wav|I would have been ready for that.|alba
alba/489.wav|There is much more to come.|alba
alba/1217.wav|They were not at the property yesterday.|alba
alba/1909.wav|It reinforces the importance of the state of Israel to the Jewish people.|alba
alba/1_275.wav|Suddenly, the Fir Park side were in disarray.|alba
alba/1_170.wav|I am a very lucky man.|alba
alba/1421.wav|Don't be stupid.|alba
alba/1941.wav|He is currently in New York and is understood to be enjoying the celebrations surrounding Tartan Day.|alba
alba/629.wav|By any analysis it is a difficult scenario because we cannot overlook the scientific advice.|alba
alba/3027.wav|I can live with that.|alba
alba/2144.wav|In those circumstances the council would be obliged to report the matter to the procurator-fiscal.|alba
alba/2627.wav|This is now going to be an election issue.|alba
alba/1725.wav|He is very good at that.|alba
alba/083.wav|Highbury, after all, have seen it all before.|alba
alba/2162.wav|Breaking new ground is also very rewarding.|alba
alba/2839.wav|It's been going on a while.|alba
alba/2873.wav|I was born on the land and grew up there.|alba
alba/2665.wav|Suddenly you are a star.|alba
alba/936.wav|He has worked, and worked, and worked, for the past few months.|alba
alba/3357.wav|I have made good progress.|alba
alba/2_352.wav|My season is over.|alba
alba/2_343.wav|I won't be back.|alba
alba/3482.wav|Their salaries are such that they cannot live on them.|alba
alba/847.wav|And then there was one.|alba
alba/3204.wav|I think that many students will continue to want to study elsewhere.|alba
alba/3740.wav|We have every reason to think we will get this man.|alba
alba/3305.wav|I got the phone call on Saturday night and joined up with the squad.|alba
alba/559.wav|But avoid the Thatcher.|alba
alba/3067.wav|They now have the chance to prove they have learned to finish off opponents.|alba
alba/3839.wav|It was very clever and over a long period of time.|alba
alba/534.wav|They're interested only in profits.|alba
alba/825.wav|Set against the life-span of the building these problems are very small indeed.|alba
alba/2884.wav|I was pleased with my performance.|alba
alba/3292.wav|And it's one we need to compete in.|alba
alba/643.wav|Senior detectives believe the murder inquiry is closing in on those responsible for the killing.|alba
alba/3976.wav|I'm delighted with the season.|alba
alba/452.wav|Mr Foster and Ms Caplin announced on Tuesday they had lost the baby they were expecting.|alba
alba/2838.wav|Listening to the player, it is clear he is not fully settled into a contrasting culture.|alba
alba/2_190.wav|And there's been the advert of new man.|alba
alba/3831.wav|I don't feel the need to go anywhere else.|alba
alba/731.wav|We should have won yesterday.|alba
alba/2_177.wav|And he's the real thing.|alba
alba/968.wav|I still can't believe it.|alba
alba/1_084.wav|In time, the First Minister will grow in stature.|alba
alba/1_402.wav|This, though, is the way of it.|alba
alba/2628.wav|It is different to last year.|alba
alba/1_046.wav|That is the face of fear.|alba
alba/1057.wav|That is certainly a step in the right direction.|alba
alba/2281.wav|The replica is a stunning vessel, elegantly shot.|alba
alba/1_172.wav|He wanted nothing.|alba
alba/1967.wav|I told him the decision was his.|alba
alba/1336.wav|They needed a miracle in Memphis but they were out of luck.|alba
alba/2506.wav|It is a par five distance away from Downing Street.|alba
alba/2215.wav|If we do our job properly we should get through, but we can't take anything for granted.|alba
alba/3433.wav|The pace and intensity were outstanding.|alba
alba/2419.wav|Either team, as is usual, could have collected the three points.|alba
alba/2652.wav|There must now be an urgent and full public inquiry into all aspects of the foot-and-mouth epidemic.|alba
alba/1038.wav|This is a moment in history when parliament could really matter.|alba
alba/2693.wav|They make a selective perception process.|alba
alba/2340.wav|She took it with her when she went for a stroll.|alba
alba/470.wav|We are making the public services user-led.|alba
alba/3349.wav|That is a bone of contention with some solicitors.|alba
alba/757.wav|He appeared and he jumped into the car with me.|alba
alba/2964.wav|The court is expected to issue a written decision later.|alba
alba/1237.wav|No-one would deny that Scottish cities have genuine and pressing problems.|alba
alba/2954.wav|In the second half we knew we had to make a game of it.|alba
alba/1778.wav|It was most unexpected but has been amicable.|alba
alba/2006.wav|I found that we couldn't.|alba
alba/3520.wav|The situation is on-going.|alba
alba/3955.wav|It would certainly be good to get into the team without having to worry about a wild card.|alba
alba/381.wav|We don't want to make any comparison with any other case.|alba
alba/766.wav|Both of their conditions were described as very serious.|alba
alba/1437.wav|I think we are going to be a very good team this season.|alba
alba/1726.wav|What is that?|alba
alba/2409.wav|It is extremely disappointing.|alba
alba/1164.wav|Basically we know what we have to do.|alba
alba/3630.wav|It can be caused by bacteria or viruses.|alba
alba/1359.wav|I feel very confident.|alba
alba/2603.wav|But what of the human remains?|alba
alba/2960.wav|That's exactly what they have done.|alba
alba/870.wav|They will do something big.|alba
alba/3226.wav|However, he said that procedure is something the International Board is looking into.|alba
alba/3989.wav|It is understood the royal opening is not under threat.|alba
alba/003.wav|Six spoons of fresh snow peas, five thick slabs of blue cheese, and maybe a snack for her brother Bob.|alba
alba/3616.wav|It was really disappointing as we have played well this season.|alba
alba/071.wav|The night before he had spoken at a dinner where the guest of honour was - who else?|alba
alba/2973.wav|A number of passers-by have already been injured after being caught up in running battles.|alba
alba/2308.wav|I learned a lot from her.|alba
alba/3974.wav|We were very, very poor, and it is very frustrating.|alba
alba/1395.wav|However, he was transferred to another building where he would not have access to similar material.|alba
alba/3459.wav|No money has changed hands.|alba
alba/783.wav|I'm not saying that to be good is to achieve.|alba
alba/3979.wav|Two doctors have been found guilty of becoming involved in the growing trade in recent weeks.|alba
alba/1_051.wav|We just want this season to end.|alba
alba/016.wav|The Norsemen considered the rainbow as a bridge over which the gods passed from earth to their home in the sky.|alba
alba/247.wav|I am delighted he is safe and well.|alba
alba/336.wav|The St Mungo's museum has not been a success.|alba
alba/2659.wav|It is a massive win for us.|alba
alba/2464.wav|The teacher would have approved.|alba
alba/3611.wav|But things are never the same again.|alba
alba/3483.wav|It's good that he will still be involved.|alba
alba/3609.wav|The post is left with the police as well.|alba
alba/3759.wav|His goal in rugby was to play for Scotland since before he signed for Edinburgh.|alba
alba/2776.wav|And the rest is recent history.|alba
alba/1991.wav|Serbia doesn't want them to come back.|alba
alba/1_241.wav|It is extremely popular with families.|alba
alba/153.wav|The money assigned to Scotland will be passed, in this first instance, to the Secretary of State for Scotland.|alba
alba/630.wav|I'm absolutely delighted and surprised.|alba
alba/2841.wav|He is a hero.|alba
alba/1721.wav|It got a great response.|alba
alba/2004.wav|And he was in the lead at the time.|alba
alba/3018.wav|She deserved a treat.|alba
alba/1183.wav|He was the trade and industry secretary, who at the time rejected calls to refer the deal to the competition commission.|alba
alba/1403.wav|Why should we be subjected to that kind of protest?|alba
alba/3124.wav|Expect the unexpected always.|alba
alba/2516.wav|Their names have not been released.|alba
alba/236.wav|We have got to get used to having parties because we have won.|alba
alba/795.wav|We cannot stop people travelling.|alba
alba/1551.wav|We would never want anybody to go through the pain and suffering of losing a child.|alba
alba/664.wav|Really, the man has no alternative but to handle the job in that way.|alba
alba/2667.wav|There is a lot of logic to it.|alba
alba/2_080.wav|Her condition was yesterday described as critical, but stable.|alba
alba/1_121.wav|The whole thing has been ill-judged.|alba
alba/174.wav|The family, heavily involved with their church and community, are well known in the area.|alba
alba/512.wav|They know they are dealing with people who are not well, and who have a need for the State Hospital.|alba
alba/1271.wav|It has been a no-go area.|alba
alba/3299.wav|We have a major concern about enforcement action.|alba
alba/1671.wav|He'll be protected by just a handful of trusted bodyguards to avoid attracting attention.|alba
alba/3584.wav|Again, that is hardly surprising.|alba
alba/161.wav|They were in and out, everything completed, within a week.|alba
alba/1703.wav|It was just awful.|alba
alba/982.wav|Socially and personally, it was a nightmare.|alba
alba/1_371.wav|Scotland is leading the field.|alba
alba/022.wav|The actual primary rainbow observed is said to be the effect of super-imposition of a number of bows.|alba
alba/2676.wav|He also came close to scoring himself.|alba
alba/1600.wav|He has admitted attending the party.|alba
alba/2_270.wav|I feel really good.|alba
alba/1301.wav|You can only do what you can do.|alba
alba/2244.wav|Justice was done in Scotland and the Scottish legal system.|alba
alba/2044.wav|It should be fun.|alba
alba/1956.wav|It is what we instigated, for a while, in self-defence.|alba
alba/2849.wav|Nothing Left to Chance.|alba
alba/3941.wav|They will be disappointed at that, because they should have done it.|alba
alba/1_419.wav|But what can you do?|alba
alba/2_290.wav|And so have we.|alba
alba/3360.wav|We can no longer rely on them to be our natural allies.|alba
alba/1_028.wav|That is how it should be.|alba
alba/2140.wav|Only four of his passengers were uninjured.|alba
alba/2_141.wav|Kirkwood was arrested.|alba
alba/1051.wav|The directors have decided that we must go ahead and build the stand.|alba
alba/3458.wav|Tomorrow night is the important game.|alba
alba/1_422.wav|It is, after all, a palace.|alba
alba/2167.wav|Based upon his behaviour and what he was telling us in the last two days, we do not expect to see him back.|alba
alba/3481.wav|More importantly, they must be acted upon.|alba
alba/2_222.wav|There could be a third world war.|alba
alba/2810.wav|They seem to get away with it.|alba
alba/1620.wav|It all depends on the Chancellor.|alba
alba/2186.wav|I am looking forward to watching it.|alba
alba/2149.wav|The Russian authorities were still refusing last night to identify the substance.|alba
alba/2992.wav|The trust has apparently been talking to a number of interested parties.|alba
alba/1_169.wav|Or someone wants to say something different.|alba
alba/2204.wav|I've got my own ideas.|alba
alba/3795.wav|Fortunately, all of this was out of the way by the time she conceived.|alba
alba/2324.wav|Time, however, is of the essence.|alba
alba/292.wav|However, the victim was also at fault.|alba
alba/1441.wav|None of us were comfortable, but we knew that we had to overcome the conditions and we did so.|alba
alba/1_176.wav|not a trace is left.|alba
alba/346.wav|Golf and outer forces have long been closely linked.|alba
alba/1_150.wav|Brown has just one injury worry.|alba
alba/873.wav|Well, who knows.|alba
alba/2_253.wav|Could it happen again?|alba
alba/2020.wav|Some were close to tears.|alba
alba/3975.wav|God is a Brazilian.|alba
alba/2411.wav|He also warned his family to be on their guard.|alba
alba/2027.wav|It was a bad injury at his age.|alba
alba/3916.wav|I've got two years left of my contract and want to continue working with the gaffer.|alba
alba/2141.wav|We still want the money we are entitled to.|alba
alba/1834.wav|Billy Davies is one of my best friends in the game.|alba
alba/3394.wav|It's extremely irritating.|alba
alba/1482.wav|The quality of work is very impressive.|alba
alba/3200.wav|Last year, the side were near the bottom of the league and we are now second top.|alba
alba/2175.wav|Why do they do it?|alba
alba/2_255.wav|Taxation should be simplified.|alba
alba/3943.wav|He was not able to talk to us.|alba
alba/2512.wav|That is unthinkable as far as the club is concerned.|alba
alba/933.wav|There is also the splendid example provided by the leading professionals.|alba
alba/2016.wav|If we are to have a Russell Latapy he is our man.|alba
alba/2482.wav|It really is very worrying.|alba
alba/3119.wav|Until then it had been good for both teams, and after that it was different.|alba
alba/918.wav|My mother was getting on at me.|alba
alba/2566.wav|They are rugby people, but they are not company directors.|alba
alba/2_118.wav|And it is good for all three.|alba
alba/3562.wav|Mr McLetchie refused to say.|alba
alba/1337.wav|In the last year of the twentieth century, this can only be right.|alba
alba/224.wav|I felt this was me.|alba
alba/074.wav|I do have a style.|alba
alba/1_146.wav|At issue is the question of trust.|alba
alba/1_214.wav|They told us about it the next day.|alba
alba/1_391.wav|He should emerge as the winner.|alba
alba/2_215.wav|This was a big mistake.|alba
alba/3102.wav|It is nice to be recognised as playing a part in the season.|alba
alba/2017.wav|I felt under a lot of pressure.|alba
alba/3995.wav|Let us be quite clear.|alba
alba/404.wav|That could be in place by next year.|alba
alba/1768.wav|My game is coming back.|alba
alba/1_300.wav|That is under discussion.|alba
alba/3736.wav|Confidence among the allies began to slip.|alba
alba/061.wav|His experience is vital for us and he does a great job at the back.|alba
alba/2077.wav|It is quite a challenge because the text is working against you at times.|alba
alba/3265.wav|Lord Bonomy is entitled to his view.|alba
alba/1266.wav|And he has been a nuisance to the forces of law and order ever since.|alba
alba/1_400.wav|No, we are dynamite.|alba
alba/2726.wav|These are options that are all going into our review.|alba
alba/3546.wav|It is a depressing, difficult and demanding job.|alba
alba/2_224.wav|As we were addicted, so we were ashamed.|alba
alba/3007.wav|It is not a matter of concern.|alba
alba/958.wav|The sea was trying to return to its original position.|alba
alba/1794.wav|Which, when you think about it, is hardly surprising.|alba
alba/3123.wav|There is an issue of social worker shortages.|alba
alba/1_233.wav|That is the team that will play.|alba
alba/2766.wav|You can't do that here.|alba
alba/3829.wav|The mix with Tiger is perfect.|alba
alba/1862.wav|They were mainly very positive about the role.|alba
alba/3319.wav|It's always something.|alba
alba/3670.wav|Who is going to pay their wages?|alba
alba/2842.wav|How do you feel this morning?|alba
alba/739.wav|They've got to get better.|alba
alba/852.wav|I want to know what's going on myself.|alba
alba/1212.wav|The important thing has been contributing to an area and the people in that area.|alba
alba/023.wav|If the red of the second bow falls upon the green of the first, the result is to give a bow with an abnormally wide yellow band, since red and green light when mixed form yellow.|alba
alba/2_371.wav|I hope it still tomorrow.|alba
alba/1220.wav|He was sentenced to four years in prison.|alba
alba/3848.wav|Taliban leaders said Mr Jackson had made the first approach to them, but Mr Jackson said it was the other way round.|alba
alba/3832.wav|Attendances are the best in the division.|alba
alba/2656.wav|We are just as keen to find out what went wrong.|alba
alba/1300.wav|There is nothing inherently provocative about it.|alba
alba/255.wav|I believe, too, that the injured players will benefit.|alba
alba/009.wav|There is , according to legend, a boiling pot of gold at one end.|alba
alba/1714.wav|They were as good as their word.|alba
alba/2170.wav|It was a good start to the week for her.|alba
alba/2002.wav|It's good to be back in the Sydney Opera House.|alba
alba/929.wav|She has to catch another train in an hour.|alba
alba/516.wav|I think the first time was too early for us.|alba
alba/1887.wav|We have got to strike a balance between being concerned and causing alarm.|alba
alba/2426.wav|They are in care for a reason.|alba
alba/821.wav|I want to win games as much as they do.|alba
alba/3355.wav|That would depend on the parole board.|alba
alba/2_280.wav|She is great.|alba
alba/1_356.wav|That is a dangerous assumption.|alba
alba/2270.wav|We have a lot of work to do.|alba
alba/2_317.wav|That is nonsense.|alba
alba/2523.wav|But we still have more than something of a crisis in the livestock industry.|alba
alba/1819.wav|We have had a problem.|alba
alba/2_292.wav|The chances were plentiful.|alba
alba/459.wav|It was important to win this match for our supporters.|alba
alba/3466.wav|And the wonderful thing about it was that it was free.|alba
alba/2_033.wav|I don't think so.|alba
alba/2_034.wav|That was merely their initial problem.|alba
alba/2143.wav|Helping them to adapt to the challenges of this information age.|alba
alba/3048.wav|It's obviously an honour to play for your country and nobody is arguing about that.|alba
alba/1_384.wav|I know him.|alba
alba/1_152.wav|She opens tonight in Glasgow, at the King's Theatre.|alba
alba/4000.wav|He had asked if they had the script.|alba
alba/2056.wav|That left him one off the pace and he was happy with his game.|alba
alba/3803.wav|The reason we don't have great problems is that we police the way we police.|alba
alba/2977.wav|It was almost impossible out there at times.|alba
alba/2289.wav|I think in three dimensions.|alba
alba/007.wav|The rainbow is a division of white light into many beautiful colors.|alba
alba/1_346.wav|You should be there with six different characters.|alba
alba/392.wav|That is what we are talking about.|alba
alba/2097.wav|The support of these industries in Scotland is vitally important to the creation of our cultural identity.|alba
alba/2_274.wav|They responded in the most positive way.|alba
alba/3694.wav|I wanted to have a go.|alba
alba/2_217.wav|I'm delighted, and the players were brilliant.|alba
alba/3207.wav|After all, he has been there.|alba
alba/1032.wav|The referee, in danger of losing control, was having none of it.|alba
alba/1173.wav|I am not saying that it is in only down to me - it was more to do with his own attitude.|alba
alba/760.wav|It was no secret that this was going ahead.|alba
alba/2919.wav|The announcement was made after inquiries from a national newspaper.|alba
alba/1108.wav|I am very disappointed at being sent off.|alba
alba/3086.wav|But it looks a worrying situation and we have asked for assurances that patients will not suffer.|alba
alba/1864.wav|It has not worked out that way.|alba
alba/785.wav|Becoming a parent is not just a one-off event.|alba
alba/3952.wav|I think that will be good for Rangers - and, also, good for Scotland.|alba
alba/578.wav|Our strategy is straightforward.|alba
alba/235.wav|There will be no agreement, there has been no agreement, there is no agreement.|alba
alba/3642.wav|It's vitally important for people to realise that.|alba
alba/2_298.wav|This is only one example.|alba
alba/040.wav|One boot was more covered in mud than the other, he noted.|alba
alba/3505.wav|I would have loved to have played in the World Cup.|alba
alba/2_330.wav|I feel my parents are in New York.|alba
alba/1354.wav|He was a gentleman politician.|alba
alba/1199.wav|I feel very bad.|alba
alba/206.wav|They will decide if he has a case to answer.|alba
alba/2787.wav|Now, in total, two thirds of pensioners will not have to pay income tax.|alba
alba/1574.wav|The report also recommended that Who Cares?|alba
alba/198.wav|On the contrary, it has been referred to with respect.|alba
alba/1185.wav|He is another quality player we have been competing for the places up front in the first team.|alba
alba/1_296.wav|I need to start again.|alba
alba/2048.wav|It's an issue that will have to be tackled.|alba
alba/1631.wav|Our thoughts are with his family.|alba
alba/2_281.wav|My guess?|alba
alba/2336.wav|So, now, they take on the Aussies.|alba
alba/2_303.wav|The cause is just.|alba
alba/2_101.wav|Thistle are back.|alba
alba/3377.wav|It also happens to have one of the fastest-growing economies in America.|alba
alba/3816.wav|I'm not involved in a lot of that stuff.|alba
alba/572.wav|I understand the reasons for the restructuring proposed by the board.|alba
alba/3125.wav|It cannot go on like this.|alba
alba/692.wav|It was ignored.|alba
alba/3640.wav|There are many things we could do.|alba
alba/2321.wav|He wishes he would have been the one not to survive.|alba
alba/2420.wav|I am not totally convinced that we have got it right defensively yet.|alba
alba/1_410.wav|Show the working.|alba
alba/1_047.wav|That means an extra two years.|alba
alba/2554.wav|The Borders is becoming a disaster area.|alba
alba/2367.wav|The confidence at the club is high.|alba
alba/1_284.wav|At times we were excellent.|alba
alba/1763.wav|These were the days before substitutes.|alba
alba/3384.wav|It must be a good job for all concerned that the Scottish Parliament is on holiday.|alba
alba/3156.wav|He was brought up under a strong international influence.|alba
alba/1346.wav|We always said it would take time.|alba
alba/3344.wav|Yesterday, for the first time, he admitted his retirement publicly.|alba
alba/2_073.wav|She was just that sort of person.|alba
alba/3763.wav|Sadly, they are usually all of these things.|alba
alba/2561.wav|Their opponents, who are in dire need of such a cash injection, can have no complaints about the outcome.|alba
alba/2052.wav|But it could have been written for her.|alba
alba/3198.wav|The opponents of tuition fees argue that access to higher education is a right that should be freely available.|alba
alba/999.wav|Mr McConnell said, This is the industrial relations of the nineteenth century.|alba
alba/3778.wav|She was the First Lady of Country.|alba
alba/3675.wav|The Scottish management team will settle for that.|alba
alba/804.wav|I do not know where to start.|alba
alba/3373.wav|We have won the League Cup, of course, and we are at the top of the League and that is where we want to stay!|alba
alba/3589.wav|Our members will be highly delighted by this news.|alba
alba/355.wav|But there's a stage when you think you can do it.|alba
alba/1593.wav|I don't intend to do so now.|alba
alba/1618.wav|I was there.|alba
alba/312.wav|The bottom line is money.|alba
alba/3272.wav|He was ably supported by Graham Fox.|alba
alba/1_392.wav|They are you, the fans.|alba
alba/2764.wav|I have lived in this area all my life and have never been so afraid.|alba
alba/772.wav|You are exhausted by the intensity of it.|alba
alba/2624.wav|The first minister said he was committed to working with the industry to ensure it had a future.|alba
alba/3220.wav|There's a balance to be found.|alba
alba/148.wav|Open champion Paul Lawrie would have been in contention for the Volvo Masters but for two mistakes.|alba
alba/2709.wav|That would be fantastic.|alba
alba/2_324.wav|It is a sign of hope.|alba
alba/3216.wav|Undoubtedly, this is the biggest win of my career.|alba
alba/337.wav|Leading members of the legal profession said last night it was likely other solicitors across Scotland were suffering.|alba
alba/3437.wav|It is very important for science.|alba
alba/3953.wav|The French government is due to study the food safety agency's report today.|alba
alba/1_336.wav|We will never surrender.|alba
alba/1683.wav|The commission's proposals are to be published in local newspapers and displayed in libraries and council offices.|alba
alba/103.wav|Maybe it will happen the other way around this year.|alba
alba/2158.wav|Sometimes it requires more than people-watching, of course.|alba
alba/1_128.wav|There was no bad behaviour.|alba
alba/1779.wav|Now, get out of here.|alba
alba/3194.wav|We are all responsible.|alba
alba/3814.wav|Could it have turned out differently?|alba
alba/2541.wav|Go to sport.|alba
alba/2674.wav|After this, we have two home games, remember, and that could be vital for us.|alba
alba/1490.wav|We are very pleased.|alba
alba/3579.wav|I just cannot believe it.|alba
alba/2_228.wav|I haven't had the call.|alba
alba/2429.wav|The regulators have now been informed.|alba
alba/115.wav|We would walk away from such a trial.|alba
alba/1800.wav|Finishers releasing cattle will be pitching them on to a sellers market.|alba
alba/693.wav|I have no problem with it.|alba
alba/2518.wav|No-one was available for comment at the Ministry of Foreign Affairs in the Pakistani capital.|alba
alba/1903.wav|That's not to say they know everything about him.|alba
alba/1_181.wav|Nice to know.|alba
alba/532.wav|It is important that we have a clear and open and transparent contest.|alba
alba/2208.wav|I think the euro has slipped.|alba
alba/286.wav|I think it is a mistake, a serious mistake.|alba
alba/2185.wav|I shall be watching his progress.|alba
alba/2454.wav|Meanwhile, Edinburgh have been forced into a string of changes.|alba
alba/2991.wav|It's not that we are becoming anti-Scottish.|alba
alba/1737.wav|I'm not going to answer that.|alba
alba/1621.wav|It has become much more difficult for human rights.|alba
alba/2_119.wav|I am disgusted by their decision.|alba
alba/3192.wav|Mr Waugh was found in the living room and pronounced dead by firefighters.|alba
alba/882.wav|Do you want me to leave this out?|alba
alba/611.wav|One day you lose the taste for something.|alba
alba/836.wav|We have to keep going.|alba
alba/3990.wav|The news of his death is depressing.|alba
alba/2509.wav|A similar system is currently being tested in Scotland.|alba
alba/2098.wav|It is better now that while we have been together for a while.|alba
alba/3076.wav|I do two things to survive.|alba
alba/4002.wav|Is the same thing happening in rugby?|alba
alba/3973.wav|He will take it in his stride.|alba
alba/1946.wav|We are facing reality.|alba
alba/2100.wav|The wind was coming from all directions.|alba
alba/1_104.wav|I was very impressed with St Johnstone.|alba
alba/2910.wav|Hopefully, we can now get on with things again.|alba
alba/1733.wav|The Deputy Prime Minister will insist that Labour is not envious of wealth and success.|alba
alba/488.wav|He is not accounted for and we are basically assuming the worst.|alba
alba/1866.wav|I've been very lucky.|alba
alba/2_099.wav|That is for sure.|alba
alba/1_043.wav|This decision is folly.|alba
alba/876.wav|You do not change overnight.|alba
alba/3152.wav|Many of the current squad will be at that dinner.|alba
alba/745.wav|Israeli police have still not released the identity of the bomber.|alba
alba/2_121.wav|They just appeared.|alba
alba/1_271.wav|That was hard work.|alba
alba/707.wav|That means some players go off early, some a little later, and some much later.|alba
alba/509.wav|As agreed, the prime minister was driven to Westminster Hall.|alba
alba/2771.wav|My father and mother are.|alba
alba/2146.wav|That does not mean we have failed.|alba
alba/251.wav|However, he warned that there were a number of serious problems which must be addressed.|alba
alba/3797.wav|He was not his own man.|alba
alba/1_308.wav|He would be easily distracted.|alba
alba/1_027.wav|He may not need to force that message.|alba
alba/2068.wav|I know it will be a hard game.|alba
alba/985.wav|England have worked very hard and that is typical of Duncan.|alba
alba/626.wav|The building was starting to come down.|alba
alba/1458.wav|It wasn't to be.|alba
alba/1543.wav|We are monitoring the situation very closely.|alba
alba/1669.wav|Both were found guilty of culpable homicide.|alba
alba/1_127.wav|We are all very relieved.|alba
alba/1071.wav|The work between the musicians and the fire is very important.|alba
alba/545.wav|Allison is not convinced.|alba
alba/072.wav|Iain Duncan Smith is wrong.|alba
alba/1_348.wav|Again, there was no detail.|alba
alba/1_195.wav|Lessen the burden the Leader commented|alba
alba/689.wav|We are talking about people who are a threat to national security.|alba
alba/1_151.wav|I will let you in on a secret.|alba
alba/3471.wav|Most of all, though, they have Beckham.|alba
alba/1826.wav|I know this will be no different.|alba
alba/2404.wav|It should not have happened.|alba
alba/1_313.wav|It was no match.|alba
alba/1_137.wav|So they should be.|alba
alba/510.wav|We know this is just not true.|alba
alba/838.wav|The process itself has taken over.|alba
alba/192.wav|It calls for the American government to take over airport security, currently run by the private sector.|alba
alba/2895.wav|The parents will have a great time, too.|alba
alba/3780.wav|Dundee United, though, will be extremely dangerous because of their league position.|alba
alba/2671.wav|I didn't know.|alba
alba/3157.wav|It looks as if this could be bad for Scotland.|alba
alba/2705.wav|Importantly, they now see that they can do it.|alba
alba/1925.wav|I felt that by my last season in international rugby.|alba
alba/2520.wav|I am sure they will get that.|alba
alba/2440.wav|He is not the villain for succumbing.|alba
alba/1722.wav|Harrowing is easy, after all.|alba
alba/678.wav|You cannot understand America without understanding the Civil War.|alba
alba/713.wav|They were playing to their strengths and we just couldn't get out during the second half.|alba
alba/930.wav|On one side is an inscription, apparently composed by Sir Walter Scott.|alba
alba/1847.wav|Knowing them so well, this will be a needle match.|alba
alba/4038.wav|It's important that we put up a good show.|alba
alba/879.wav|Another recording of an American percussion concerto was nominated the following year.|alba
alba/2_349.wav|I don't want a burial service.|alba
alba/1_240.wav|We all work for nothing.|alba
alba/3013.wav|I have some good people behind me, which helps.|alba
alba/1_041.wav|I am appalled.|alba
alba/011.wav|When a man looks for something beyond his reach, his friends say he is looking for the pot of gold at the end of the rainbow.|alba
alba/1_097.wav|And if he hadn't become a musician?|alba
alba/3212.wav|You just can't take things for granted.|alba
alba/1376.wav|Mandatory licensing is a step in the right direction.|alba
alba/3254.wav|Despite his predicament, his application was unsuccessful.|alba
alba/3539.wav|My neighbours are horrified.|alba
alba/587.wav|But then he offered to create a part for him.|alba
alba/2040.wav|It's an easy option for players to sit in the treatment room, but that is not helping the club.|alba
alba/2063.wav|The Lords response to the amended legislation was less predictable.|alba
alba/811.wav|If her death inspires other people to stand up and be counted, her life will not have been in vain.|alba
alba/1988.wav|There was no-one else to blame.|alba
alba/2750.wav|He is a very witty man.|alba
alba/1231.wav|He had a bad time at Chelsea but that does not mean anything.|alba
alba/2744.wav|John Orr was the exception.|alba
alba/2_339.wav|People remember the Tories in office.|alba
alba/3263.wav|When you do you will never want to do any other job.|alba
alba/1148.wav|So who called off the game then?|alba
alba/2043.wav|Another said, To a great footballer.|alba
alba/2748.wav|Lord Macfadyen is expected to issue a written decision later.|alba
alba/2399.wav|I believe the American people have said he does a good job for us, this president.|alba
alba/3507.wav|Council officials believe the project is crucial if new retailers are to be brought in.|alba
alba/1865.wav|For too long the Scottish Borders have been ignored by national politicians.|alba
alba/1730.wav|We did not talk about it.|alba
alba/350.wav|However, there are only elements of truth in each of the theories.|alba
alba/344.wav|Well, the scoreline was reasonably even, but the match wasn't.|alba
alba/2377.wav|It's amazing how quickly it went.|alba
alba/2199.wav|He suffered a fatal heart attack.|alba
alba/1_159.wav|He has become a monster.|alba
alba/047.wav|The committee is hopeful that the current level of service will be maintained.|alba
alba/2_379.wav|And it had been ever since.|alba
alba/969.wav|The rest, as they say, is history.|alba
alba/506.wav|I thought he had a big game last night.|alba
alba/4001.wav|Now that can't be bad.|alba
alba/1613.wav|I do believe it will come apart from the inside.|alba
alba/1_197.wav|But we are ready to play.|alba
alba/3544.wav|There is only one man who can hit me and that is my dad.|alba
alba/2145.wav|I could not have handled the media at his age.|alba
alba/754.wav|If it does not happen, Airdrie will not have a future.|alba
alba/517.wav|You've got to like a course to play well on it.|alba
alba/1790.wav|This is very bad news for the whole of Bathgate.|alba
alba/1277.wav|I'm an athlete and he's also a human being.|alba
alba/2811.wav|It's fortunate that we've had a conference at all this week.|alba
alba/3653.wav|That's another thing we have to factor in this week.|alba
alba/2874.wav|I feel it would be nice to work in Europe and America.|alba
alba/2576.wav|It happens when character talks about the city of Oslo.|alba
alba/2428.wav|It sounded as though they had been waiting to do it for a long time.|alba
alba/1649.wav|She made no final statement yesterday.|alba
alba/2128.wav|We're not giving up at that.|alba
alba/1605.wav|The model is currently held in the Museum of Transport.|alba
alba/3298.wav|We began to walk down.|alba
alba/1178.wav|Everything is okay.|alba
alba/1855.wav|The offer by the National Trust for Scotland has been rejected but nevertheless rejected.|alba
alba/1444.wav|Nobody could have foreseen it.|alba
alba/3712.wav|We missed a lot of tackles against Ireland.|alba
alba/2248.wav|I don't agree with the way the game is going.|alba
alba/2362.wav|It is unlikely that a new offensive will be on such a large scale.|alba
alba/767.wav|From there, it was a success story.|alba
alba/3388.wav|Initial problems were many and varied, according to the documents.|alba
alba/1_052.wav|He was released and was never indicted.|alba
alba/2695.wav|Sentencing is also being considered in that review.|alba
alba/2906.wav|Many people are working very hard for Scottish tourism.|alba
alba/2326.wav|I am sorry that an error of judgment was made.|alba
alba/3199.wav|I don't see tonight's incident, but it was unfortunate.|alba
alba/3145.wav|We are a federal party.|alba
alba/2974.wav|I thought it was their best chance to get out alive.|alba
alba/1699.wav|It was an extremely rare incident and at no time was safety compromised.|alba
alba/2495.wav|No matter which way you look at it, this is big business.|alba
alba/2915.wav|He said he had not spoken to Sir Elton for three years.|alba
alba/1060.wav|We know we can play a lot better than we have been doing.|alba
alba/663.wav|It's the wrong time to do that in light of the MacPherson report.|alba
alba/490.wav|The bookies agree.|alba
alba/3658.wav|However, we will not just sit back believing that everything is perfect.|alba
alba/3538.wav|I am very confident about tomorrow night.|alba
alba/1211.wav|Like most of us, we have a certain ego.|alba
alba/2723.wav|I have to think about my future and my best interests.|alba
alba/104.wav|It's only right that it should be competitive, but it does not have to be taken too seriously.|alba
alba/2353.wav|Now, though, he is back playing superbly for Blackburn.|alba
alba/886.wav|Farming is in crisis.|alba
alba/005.wav|She can scoop these things into three red bags, and we will go meet her Wednesday at the train station.|alba
alba/1_113.wav|But he found it no problem.|alba
alba/1_276.wav|Not to be missed.|alba
alba/1476.wav|There may be another world title within his grasp.|alba
alba/2314.wav|Two months before shooting started he said he would like me to do the role.|alba
alba/396.wav|Leaving the Labour Party is one thing.|alba
alba/1367.wav|The match itself was as entertaining as anyone could have hoped.|alba
alba/1140.wav|After all these years Underworld are still going strong.|alba
alba/403.wav|The times they are a-changing.|alba
alba/2823.wav|They do not know what to expect.|alba
alba/1_304.wav|I've got a right to comment on that.|alba
alba/2328.wav|Killie never give up.|alba
alba/1939.wav|It was a world-class performance.|alba
alba/2699.wav|The transport police would like to hear from anyone with information.|alba
alba/2927.wav|There was a meeting scheduled for tomorrow which has been put back until later in the month.|alba
alba/2_419.wav|A ceasefire is a ceasefire.|alba
alba/1_326.wav|Here we go then.|alba
alba/709.wav|They are not the answer to staff shortages.|alba
alba/1_066.wav|We are desperate to see the club survive.|alba
alba/3051.wav|I had a little mirror to look at my face.|alba
alba/1982.wav|We really need to keep an eye on each other.|alba
alba/3937.wav|The study will be used to try to persuade the government to provide official protection for the route.|alba
alba/3892.wav|I found that a ridiculous argument and quite offensive.|alba
alba/1_193.wav|Get it?|alba
alba/2653.wav|There is no reason to believe that will not continue, either.|alba
alba/1_347.wav|This could be her way forward.|alba
alba/3806.wav|They could learn from the team that beat them.|alba
alba/2_103.wav|It's really part of our mission.|alba
alba/2738.wav|I lost a bit of concentration.|alba
alba/035.wav|You better not be lying to me, he cried.|alba
alba/1_324.wav|It was nothing of the sort of course.|alba
alba/1048.wav|Cosla has lost its way.|alba
alba/1_129.wav|Is there no end to our suffering?|alba
alba/2469.wav|Hopefully, one day we will be lucky enough to win.|alba
alba/1891.wav|We still have him down here but we may have a look at him for a little bit longer.|alba
alba/3874.wav|We are not even thinking about that.|alba
alba/3654.wav|I'm just enjoying every minute.|alba
alba/3681.wav|That is the way to get people off our back.|alba
alba/2_066.wav|That cannot be allowed to happen this time.|alba
alba/1995.wav|This is an exciting time to be in London.|alba
alba/091.wav|This was an appalling tragedy.|alba
alba/1780.wav|It is much as it has been described.|alba
alba/2639.wav|It was never anything to do with our relationship.|alba
alba/1383.wav|Of course, we are upset.|alba
alba/2_098.wav|This is totally different.|alba
alba/2231.wav|The difficulty there is what do you put in its place that is better?|alba
alba/2115.wav|It is a very, very disappointed changing room.|alba
alba/1074.wav|For Head, it was set to be her best ever finish in the States.|alba
alba/3275.wav|Clearly, if there is an increase in membership, it must indicate a rise in popular support for us.|alba
alba/3370.wav|I am sorry for the family and their situation but there is no escape.|alba
alba/1_372.wav|So it is explosive.|alba
alba/3512.wav|We should not be talking about an agenda of radical change.|alba
alba/2584.wav|Playing here the week before the Open is part of my new strategy.|alba
alba/1438.wav|That decision is accepted without question.|alba
alba/2844.wav|As far as we are concerned, it doesn't matter what we do.|alba
alba/1_106.wav|We are questioning him at the moment.|alba
alba/3727.wav|My mind is focused on the next four weeks.|alba
alba/3585.wav|Many others have been found on the site itself.|alba
alba/2076.wav|Henman has been warned.|alba
alba/2303.wav|More likely it will be the same time, next year.|alba
alba/2298.wav|He is a piece of history.|alba
alba/1017.wav|But her parents will never see her again.|alba
alba/1663.wav|So this was a good win for us.|alba
alba/957.wav|There is a lot of potential in this side.|alba
alba/1_213.wav|I have enough money.|alba
alba/1_289.wav|He was pleased with his display.|alba
alba/1612.wav|I think the economy is going to get worse.|alba
alba/2_129.wav|Messages have to be reinforced.|alba
alba/1776.wav|But it's certainly a revolution in the making.|alba
alba/1_201.wav|She is not the world champion.|alba
alba/1599.wav|He had never been in any trouble in his life.|alba
alba/3114.wav|I don't understand how that can all have been forgotten.|alba
alba/045.wav|She eyed him with caution when she saw the size of the red and purple bruise on his poor sad face.|alba
alba/2658.wav|We probably had the best chances but failed to take them.|alba
alba/2937.wav|All were buried.|alba
alba/3920.wav|Nothing has been done to resolve the situation and we are just taking one day at a time.|alba
alba/2187.wav|The lads are great and the atmosphere is fantastic.|alba
alba/3928.wav|I was determined not to let the same thing happen in the second set.|alba
alba/2_363.wav|This year will be the same.|alba
alba/282.wav|But, more importantly, they are doing their bit to minimise the spread of this awful disease.|alba
alba/435.wav|He has betrayed the South African people.|alba
alba/3898.wav|They were wrong.|alba
alba/3587.wav|It was only in the closing stages that they took their foot off the gas.|alba
alba/1770.wav|I have been fighting problems for three years.|alba
alba/3052.wav|It's other teams who should be worrying about him getting away from them.|alba
alba/2207.wav|I think this is outrageous.|alba
alba/1248.wav|Years ago it was really quite simple.|alba
alba/3586.wav|I don't tell him what to do.|alba
alba/3107.wav|They had three children.|alba
alba/137.wav|Money is certainly more important in the game nowadays but, in many respects, that has been an asset.|alba
alba/473.wav|We need a bit of innovation all through the team.|alba
alba/1149.wav|He even decides on things like the colour of the team bus and the pay for all the staff.|alba
alba/1951.wav|To look at her you would never know what she has been through.|alba
alba/432.wav|We are highly sensitive to any criticism that we are against renewable energy.|alba
alba/2_237.wav|We're all involved in deciding where it goes.|alba
alba/3566.wav|This is a game.|alba
alba/2_414.wav|This is not a new problem.|alba
alba/2_113.wav|He was very angry about what had happened.|alba
alba/1077.wav|The second half was more rewarding for the visitors.|alba
alba/1801.wav|and the performances are of a very high standard.|alba
alba/2011.wav|It was a Saturday.|alba
alba/2210.wav|I think the Scottish game has become secondary to them.|alba
alba/3836.wav|This is dangerous work.|alba
alba/2379.wav|As Glasgow has more deprivation than other areas, we face a bigger challenge in terms of levels of exclusions.|alba
alba/625.wav|The ceasefire has not ended the firing that is going on in Kosovo.|alba
alba/3914.wav|I've worked in Japan and the humidity at that time of year is amazing.|alba
alba/1088.wav|Exactly how they do this remains to be seen.|alba
alba/1368.wav|I'm surprised to hear it from Tony.|alba
alba/3077.wav|It doesn't get any better than that and the Manchester United players will realise that now, too.|alba
alba/808.wav|And this tournament will travel.|alba
alba/2981.wav|But we have come under attack.|alba
alba/4015.wav|She may well have my husband and is welcome to him.|alba
alba/632.wav|We will be saying more about this in the next few days.|alba
alba/2762.wav|It's not what the people are looking for.|alba
alba/3533.wav|This has delighted relatives and medical carers.|alba
alba/254.wav|He is in Edinburgh to further his career and financial situation.|alba
alba/646.wav|I knew probably all of the families involved.|alba
alba/3915.wav|They did not know people were looking for them.|alba
alba/524.wav|It's early days but this will lead us to further action in the future.|alba
alba/2069.wav|That will have a major impact on the service.|alba
alba/2178.wav|But the result is simply a celebration of singing.|alba
alba/2159.wav|It's all been about the basics of the business.|alba
alba/2384.wav|I was criticised for taking matches to football grounds.|alba
alba/3056.wav|It is this poverty of expectation which has to be confronted.|alba
alba/2528.wav|Everyone had to play the game.|alba
alba/2311.wav|The players need to be big enough to cope with that.|alba
alba/2142.wav|The competition is surely a good sign for the club.|alba
alba/1698.wav|Then come two other questions.|alba
alba/846.wav|The staff are as good as any staff in the city.|alba
alba/2014.wav|That is the same for every player.|alba
alba/858.wav|Over the weekend, the Taliban was reporting that bin Laden had left the country.|alba
alba/3899.wav|At the moment, there is nothing apart from a horse and rider being involved.|alba
alba/1850.wav|We are acting as one.|alba
alba/2_194.wav|But there you are.|alba
alba/1602.wav|But what exactly is proportionate to this kind of operation?|alba
alba/1828.wav|Even before cause of death was established, the makers were covering themselves.|alba
alba/1944.wav|He believed it was part of his job to increase the atmosphere.|alba
alba/048.wav|I was not counting.|alba
alba/356.wav|We have been going for three years.|alba
alba/3440.wav|If we perform to the level we did against Dundee United, we certainly have a chance of doing this.|alba
alba/710.wav|The first try of the match was not long in coming either.|alba
alba/4031.wav|I think we will be here for the rest of the night.|alba
alba/834.wav|Three other people were treated for minor injuries.|alba
alba/2924.wav|There were so many homeless people, it was far worse than it is now.|alba
alba/1839.wav|They will get their attention.|alba
alba/3684.wav|And they did it the hard way.|alba
alba/1881.wav|That will continue.|alba
alba/3945.wav|David Bowie was a pioneer.|alba
alba/1521.wav|But opinion was divided.|alba
alba/237.wav|You could be in Glasgow.|alba
alba/3717.wav|He would be watching.|alba
alba/2112.wav|I think we can cause a surprise in the first division.|alba
alba/3808.wav|Sub Not Used, McLees.|alba
alba/1818.wav|The irony is that we will still be looking to these other nations in the future to remain competitive.|alba
alba/2344.wav|The diversity of the festival has been part of the success.|alba
alba/2031.wav|I am really enjoying being in the side.|alba
alba/3080.wav|Remarkably, he was not seriously injured.|alba
alba/1824.wav|There is absolutely no point.|alba
alba/3757.wav|Playing in Europe is always one of those things you want to be part of, and it's great to be back there again.|alba
alba/2967.wav|He is a man who has made a little talent, among the players available to him, go an awfully long way.|alba
alba/456.wav|Six minutes before half-time the second goal arrived and again it came from mister Wright.|alba
alba/3882.wav|No further information has been brought to the council's attention and no further discussions have taken place.|alba
alba/3260.wav|And it was also unexpected.|alba
alba/725.wav|It is premature to speculate on the impact.|alba
alba/3959.wav|They won the League Cup last season, they can play a bit and they have some very talented players.|alba
alba/1116.wav|I never want to have any children.|alba
alba/2065.wav|It is a new set-up which is going to work in a new way, a different way, a better way.|alba
alba/2757.wav|It doesn't appear to be anything too serious.|alba
alba/2_091.wav|He was right.|alba
alba/2_144.wav|I hope that is high on tonight's agenda.|alba
alba/3420.wav|We have other operations we see as more of a priority.|alba
alba/1_154.wav|It is to their credit that this has happened.|alba
alba/653.wav|I will not compromise on a lifetime commitment to improving safety.|alba
alba/1443.wav|Ministers were then said to have changed the requirements for the structure, with the building later having to be altered to accommodate four theatres instead of the planned two.|alba
alba/3197.wav|It shouldn't be centralised.|alba
alba/2406.wav|This is significant and welcome.|alba
alba/3078.wav|But there was a belief in our team that was not there in the past, and our supporters were right behind us.|alba
alba/2493.wav|Hang in there.|alba
alba/2242.wav|Jack Straw, the foreign secretary, said he was delighted Ms Ridley had been released from custody in Afghanistan, and could now be reunited with her family.|alba
alba/360.wav|But we're not against the way they are looking to develop.|alba
alba/1389.wav|The performers have to be vigilant about what is going on around them.|alba
alba/3917.wav|Perhaps that was their mistake.|alba
alba/339.wav|And he has a tale to tell.|alba
alba/1_191.wav|It's been a long wait.|alba
alba/3110.wav|The firepower of Croatia is too formidable and might have been too much for even the full squad to handle.|alba
alba/1_290.wav|I really need it.|alba
alba/057.wav|Delivery should only be made with the prior agreement of both parties.|alba
alba/3784.wav|What more could you ask for?|alba
alba/3340.wav|A spokesman for Scotland Yard said, The matter will now be considered to determine whether any further action is necessary.|alba
alba/3705.wav|The Government haven't taken up any of our suggestions.|alba
alba/227.wav|The other early issue for Mr McConnell is the future of the Higher Still reform.|alba
alba/2022.wav|The whole process of touring is rarely good for morale.|alba
alba/2684.wav|That much was obvious against the men from Anfield.|alba
alba/3434.wav|There was no denying that they played very well and are starting to be a very formidable side.|alba
alba/2266.wav|We have no comment.|alba
alba/3944.wav|Today, it is half that figure.|alba
alba/3583.wav|It is deeper than that.|alba
alba/816.wav|We will have to take our chances in Glasgow.|alba
alba/3862.wav|But we know it will work.|alba
alba/2323.wav|There is no such thing.|alba
alba/3429.wav|This problem is disappearing very, very fast.|alba
alba/2799.wav|They seem to bring their culture into rugby.|alba
alba/1406.wav|When she was told to report yesterday, there was no indication that anything was amiss.|alba
alba/2_251.wav|I am glad that justice has been done.|alba
alba/2617.wav|What is it that they actually test?|alba
alba/2710.wav|The work is largely self-contained and introspective.|alba
alba/1072.wav|That's the sort of game you want.|alba
alba/1127.wav|I am delighted with today's win.|alba
alba/2_216.wav|Now it won't happen.|alba
alba/2443.wav|However, we as players all have to put our hands up.|alba
alba/934.wav|In fact, it was only a couple of seasons ago.|alba
alba/3356.wav|The hours were in excess of what is accepted for drivers.|alba
alba/2_227.wav|He may have the room.|alba
alba/1189.wav|It has to be said this didn't go down well with the old boys.|alba
alba/1829.wav|We may not know much about it, but we do know what we like.|alba
alba/548.wav|The team has performed above all expectation.|alba
alba/306.wav|I think it is easier to make no comment on that.|alba
alba/1_101.wav|The acting left a lot to be desired.|alba
alba/1_131.wav|Next league matches, Aberdeen - Dundee United.|alba
alba/2_254.wav|This is the highlight of my career.|alba
alba/1306.wav|There are moments of silence.|alba
alba/3409.wav|Their loss is heartbreaking.|alba
alba/2882.wav|The rail users consultative committee for Scotland said the news was long overdue.|alba
alba/3234.wav|Ms Alexander said Scotland's Parliament could only succeed in partnership with business.|alba
alba/3146.wav|I've always intended to do that.|alba
alba/1402.wav|Who is in charge of getting medals at the Commonwealth Games?|alba
alba/2164.wav|The rest of the team has had eight weeks to prepare.|alba
alba/3861.wav|Now we have freedom of choice.|alba
alba/3930.wav|I just hope the situation can be resolved.|alba
alba/2225.wav|He is likely to be subjected to physical attack.|alba
alba/1_318.wav|I agree with Henrik.|alba
alba/2916.wav|What was it then?|alba
alba/3264.wav|They seem to be, anyway.|alba
alba/3306.wav|Any new deal would be nothing more than a change of name.|alba
alba/2463.wav|There was no question of hiding where the calls were coming from.|alba
alba/2793.wav|We know we can do it and we will do it.|alba
alba/511.wav|The country was at no less than a crossroads.|alba
alba/2687.wav|But it would contribute to the wider discussion about adoption policy and practice in Scotland which is currently taking place.|alba
alba/1_183.wav|They are worth enduring.|alba
alba/1799.wav|I think adrenaline would have got me through.|alba
alba/2607.wav|The worry is that they become another detention centre, which is really just the same as what we are living in just now.|alba
alba/1_253.wav|And here, as usual, is the rub.|alba
alba/1814.wav|This has been a devastating blow to me and my family.|alba
alba/3295.wav|A spokesman for South Lanarkshire Council confirmed the figures, but claimed there was no reason to believe they were misleading.|alba
alba/1190.wav|They came partly out of the family situation and partly out of the political situation.|alba
alba/842.wav|With things like this, honesty is always the best policy.|alba
alba/1_325.wav|They are just coming out of houses.|alba
alba/801.wav|They are then invited to return for the winter course.|alba
alba/260.wav|I can only go and give it my best shot.|alba
alba/1675.wav|I have beaten everyone in this division for five years and want to be remembered as a great champion.|alba
alba/831.wav|My father was a refugee and worked very hard for everything he had.|alba
alba/3549.wav|We've got the bronze.|alba
alba/3129.wav|Is that too long to wait to see if this process will work?|alba
alba/3058.wav|It says the procedures were not sufficiently clear.|alba
alba/2623.wav|It is fantastic to be back in Scotland.|alba
alba/3484.wav|Transport is a service which should be available seven days a week.|alba
alba/1137.wav|Design is very important to the people who use the centres.|alba
alba/2341.wav|I have always wanted to win this one, even more than the Open.|alba
alba/347.wav|Freezing it would be a cut in real terms.|alba
alba/1513.wav|That the violence was caused by the kick-off time is a popular scenario.|alba
alba/2_408.wav|I don't get excited about anything.|alba
alba/2_205.wav|However, we let them get back into the game.|alba
alba/3171.wav|But this is just the first step.|alba
alba/430.wav|To be on the tour was a dream come true.|alba
alba/1673.wav|He won all six of his cases, but he was not fulfilled by the job.|alba
alba/2_261.wav|They were our countrymen and our friends.|alba
alba/1_184.wav|And this one was the Devil.|alba
alba/265.wav|Nobody did in those days.|alba
alba/3637.wav|We are preparing a report with a view to presenting it soon to the procurator-fiscal.|alba
alba/2909.wav|The signs were not good for the visitors.|alba
alba/937.wav|The film was really good - it was so true.|alba
alba/2228.wav|English clubs are talking in a very inclusive manner about the British League, and it is obvious that they have a major part to play in the structure of any set-up.|alba
alba/832.wav|The Prime Minister has the numbers on his side.|alba
alba/3629.wav|Maybe it was a little bit of fighting with the older generation.|alba
alba/2_291.wav|They had a confession.|alba
alba/1302.wav|We were all very proud of McTaggart.|alba
alba/3139.wav|Audiences want to listen.|alba
alba/1378.wav|I have a good feeling about this.|alba
alba/2457.wav|Effectively a proposal has been made.|alba
alba/1_329.wav|There may be others.|alba
alba/2089.wav|I'm not disappointed in the crowd.|alba
alba/3835.wav|My sister-in-law has not been very well.|alba
alba/3461.wav|He also admitted being a senior member of Al Qaeda.|alba
alba/2675.wav|Contingency plans are being drawn up all the time for intervention in various parts of the world.|alba
alba/1856.wav|I know that he is a very big influence on their team and how they will play.|alba
alba/2_135.wav|I believe in the Union.|alba
alba/217.wav|An executive spokeswoman said it was aware of the recruitment and retention problems.|alba
alba/2720.wav|The balance was consequently altered.|alba
alba/884.wav|From the strikers to the midfielders the play was good.|alba
alba/2557.wav|Is he still determined to retire?|alba
alba/1317.wav|However, yesterday was undoubtedly the end of an era.|alba
alba/593.wav|Their lineout was never certain and their rucking indifferent.|alba
alba/3554.wav|We never got off the bus.|alba
alba/3210.wav|The playing was out of this world.|alba
alba/3721.wav|But we welcome this document.|alba
alba/1050.wav|He was said to be in a critical condition.|alba
alba/2033.wav|It was all a con.|alba
alba/2008.wav|We have no option but to go for it.|alba
alba/3185.wav|We would have to have security assurances from all the parties.|alba
alba/2_285.wav|He was jailed for five years.|alba
alba/897.wav|What kind of consultation is that?|alba
alba/1_227.wav|They were really unlucky in the end.|alba
alba/3383.wav|They want that school.|alba
alba/3682.wav|However, he said the three were determined to make the best of their holiday.|alba
alba/2_266.wav|It's almost the norm.|alba
alba/124.wav|He has told me that he would like to stay.|alba
alba/4043.wav|He believed he was in possession of information that should be in the public domain.|alba
alba/166.wav|The game was there to be won.|alba
alba/3160.wav|We have had a great season so far and maybe we need to change a few things.|alba
alba/278.wav|Does it make a profit?|alba
alba/1188.wav|He wasn't really doing anything, so he wanted out.|alba
alba/2009.wav|Boroughmuir deserved to triumph.|alba
alba/4004.wav|Which, to be fair, is probably about right.|alba
alba/2563.wav|I've heard this stuff about the markets.|alba
alba/1_179.wav|It is important for actors to reinvent themselves.|alba
alba/2_187.wav|Thousands of others have not been so fortunate.|alba
alba/624.wav|It is rather serious but hardly painting.|alba
alba/3008.wav|There are two ways of looking at it.|alba
alba/849.wav|It was not as if it was the first time that this had happened.|alba
alba/1325.wav|It can play around in your mind.|alba
alba/2054.wav|Don't you feel the pressure?|alba
alba/1236.wav|The relationship between us and them is at an all-time high.|alba
alba/2988.wav|That has been our whole season.|alba
alba/2704.wav|But contending is not winning.|alba
alba/1753.wav|I believe the commission is going to be the right direction.|alba
alba/1205.wav|That was provided by a loyal and progressive workforce.|alba
alba/2_302.wav|It's never happened before.|alba
alba/2366.wav|Certainly, European football would help us and hopefully that will happen next season.|alba
alba/3576.wav|He said he would need time to consider it.|alba
alba/012.wav|Throughout the centuries people have explained the rainbow in various ways.|alba
alba/496.wav|It could take some time.|alba
alba/3761.wav|My husband and the father of our four children was an innocent victim in this terrible tragedy.|alba
alba/3560.wav|They really had a go at us.|alba
alba/3635.wav|We are accountable, and therefore the criticism was acceptable.|alba
alba/002.wav|Ask her to bring these things with her from the store.|alba
alba/3251.wav|It was his decision.|alba
alba/3417.wav|Give our referees a break.|alba
alba/3645.wav|Also, he will be achieving his ambition to play in the Premiership.|alba
alba/893.wav|In a curious way it was emotional.|alba
alba/2250.wav|Their welfare is very important to us.|alba
alba/735.wav|However, there is no room for complacency.|alba
alba/2_364.wav|She would not like anyone to break down.|alba
alba/193.wav|There are only two ways it can be solved.|alba
alba/3796.wav|The hearing continues.|alba
alba/1962.wav|A spokeswoman for project managers Laing said, We have always been confident that Hyundai would be able to continue with the project.|alba
alba/2782.wav|The problem is worse in Scotland.|alba
alba/1186.wav|My brother has never been involved in any bad things.|alba
alba/2957.wav|Details of the mission the men were involved in was not revealed.|alba
alba/574.wav|He had succeeded in business and was enjoying life to the full.|alba
alba/799.wav|Others had lost it a little.|alba
alba/1034.wav|Tiger will really have to be on his game to have a chance.|alba
alba/1330.wav|I have to say that this decision is very welcome.|alba
alba/2190.wav|It is also a nuclear-capable state.|alba
alba/679.wav|Most importantly, she has made the decision not to be a victim.|alba
alba/2918.wav|We have to start off with the aggression we displayed in our last game against Germany.|alba
alba/1_414.wav|It wasn't about her singing, though.|alba
alba/3330.wav|It is a matter of having the chances to be there.|alba
alba/764.wav|He is absolutely destroyed.|alba
alba/1_393.wav|Well, it has.|alba
alba/300.wav|It doesn't matter what the value of the stock market is on a particular day, but what the value of the fund is at retirement.|alba
alba/2284.wav|In our last game, we did not do that.|alba
alba/1006.wav|Anyone can do the sums.|alba
alba/1_327.wav|We have a budget in March.|alba
alba/1304.wav|Nobody knows the future.|alba
alba/3998.wav|It has not.|alba
alba/3701.wav|This game is supposed to be a carnival, and that is what we are aiming for.|alba
alba/4017.wav|Or been as happy as he clearly is today.|alba
alba/2390.wav|The signs were there before the news.|alba
alba/3851.wav|There can only ever be one Greatest.|alba
alba/1916.wav|The executive has a duty to see that the issue is resolved.|alba
alba/1_053.wav|I was lucky before.|alba
alba/2_107.wav|Motorists will welcome this.|alba
alba/3498.wav|There is evidence to support this theory.|alba
alba/1_123.wav|The last time was a perfect example.|alba
alba/2_168.wav|I thought it was superb.|alba
alba/3986.wav|Do yourselves a favour.|alba
alba/2000.wav|She was afraid to go out.|alba
alba/1861.wav|People expect them to deliver the goods.|alba
alba/747.wav|There was plenty for the crowd to enjoy.|alba
alba/2971.wav|And it is that reputation which has been damaged.|alba
alba/1216.wav|No-one can take anything away from it.|alba
alba/1419.wav|They were not converting people.|alba
alba/874.wav|Someone has to speak their mind.|alba
alba/3054.wav|I can't believe it happened.|alba
alba/3678.wav|It was all out of the blue.|alba
alba/606.wav|Alloa have been forced to learn the hard way.|alba
alba/2696.wav|We were beaten by the better team on the day.|alba
alba/1_361.wav|Where are his symphonies and major concertos?|alba
alba/1959.wav|She was a lovely woman and was well respected in this community.|alba
alba/2_362.wav|It is the principle that counts.|alba
alba/1897.wav|That's what happens in that situation.|alba
alba/187.wav|It's hard to say.|alba
alba/2296.wav|Just wait and see.|alba
alba/4003.wav|It was much more deserving of an Oscar nomination than this one, but that is the way of the Academy.|alba
alba/793.wav|That was better.|alba
alba/2813.wav|Duffy was not being drawn on that.|alba
alba/3869.wav|They were a goal down with only injury-time remaining and they just wanted to get on with the game.|alba
alba/436.wav|On Sunday, the Foreign Secretary said nothing and kept out of the limelight.|alba
alba/1327.wav|There is nothing for them to come back to.|alba
alba/1979.wav|I thought he would be here from the off but we haven't seen him.|alba
alba/034.wav|Dale had never wanted a sister, he totally hated that silly little girl.|alba
alba/2756.wav|The stigma was there and they had to get rid of it.|alba
alba/737.wav|He said Mr Dewar had played the pivotal role in delivering devolution to Scotland.|alba
alba/1448.wav|Dependent on that decision could be the inclusion of Colin Cameron in the midfield.|alba
alba/3099.wav|That's because they want to be seen to be backing artistic endeavour.|alba
alba/2_063.wav|It was just a nightmare.|alba
alba/1043.wav|Its workforce is to be made redundant.|alba
alba/2948.wav|That would be most unhelpful as far as we would be concerned.|alba
alba/1831.wav|No way back in the tie and a long way back to Inverness.|alba
alba/1992.wav|Life is life.|alba
alba/287.wav|It is designed to ease congestion by getting more people out of their cars.|alba
alba/819.wav|Let's get to Murrayfield.|alba
alba/2_145.wav|I didn't know she could do that.|alba
alba/2_115.wav|Little Minnie has been very good to me.|alba
alba/3849.wav|This is a very important step for the club but it is also important for Scottish football.|alba
alba/2_416.wav|I believe we are prepared for this one.|alba
alba/885.wav|I was hoping to get the European record, but it was very hard.|alba
alba/746.wav|I get on him, he gets on me.|alba
alba/3239.wav|My preference is to see a doctor in France.|alba
alba/2398.wav|This was definitely not such an occasion.|alba
alba/2345.wav|Our competitive position is still extremely difficult.|alba
alba/1320.wav|Somebody did not want me to win this week.|alba
alba/461.wav|This is a man who has done it his way all right.|alba
alba/3049.wav|We are very confident about this week.|alba
alba/827.wav|It is good news for us.|alba
alba/3810.wav|It is my job.|alba
alba/3967.wav|Players have to accept this.|alba
alba/3513.wav|I knew it was a tough time for the Lions and a tough time for us.|alba
alba/971.wav|The arts and culture committee will make a final decision next Thursday.|alba
alba/1837.wav|The suspension of the head teacher has been lifted.|alba
alba/1752.wav|Confidence in the system is critical to its success.|alba
alba/3406.wav|I am sure that is true.|alba
alba/3035.wav|They don't just sit back and wait to be entertained.|alba
alba/1871.wav|We have to think of these three games in a week as a group.|alba
alba/1651.wav|He has not been named.|alba
alba/1759.wav|Information is power.|alba
alba/2093.wav|Mr Prescott has already been asked to clarify the details of Mr Evans's transfer to the cabinet office.|alba
alba/2550.wav|Stirling Council is also looking ahead to next year.|alba
alba/1_188.wav|It didn't come as any great surprise.|alba
alba/1_353.wav|We are right at the heart of Europe.|alba
alba/1_245.wav|There is great relief at this point.|alba
alba/1159.wav|Even though the show is seriously exacting, physically demanding.|alba
alba/364.wav|There is great potential on this river.|alba
alba/090.wav|It is heartbreaking to see the lack of a threat in behind.|alba
alba/2386.wav|Sadly, the game will never see his like again.|alba
alba/1_263.wav|I certainly thought we deserved to win today.|alba
alba/1_087.wav|There is little respect for him.|alba
alba/3376.wav|He was hitting me.|alba
alba/2857.wav|And if you were not there to witness it, then just believe me.|alba
alba/1573.wav|Were there a lot of my family in the crowd?|alba
alba/1_292.wav|The alliance said it may not wait.|alba
alba/940.wav|There is so little help for people in my position.|alba
alba/1919.wav|However, the organisers welcome the overall results and suggest the figures will improve in coming years.|alba
alba/2026.wav|This is good news for the local community and for Scotland.|alba
alba/361.wav|I was talking to a group of supporters before the Scotland-Estonia match on Saturday morning.|alba
alba/1230.wav|By Asda, if you really must know.|alba
alba/3800.wav|With my age and family circumstances it's going to be difficult for me to get a job.|alba
alba/1_234.wav|You look at that.|alba
alba/3551.wav|I think they have a good chance of reaching the semi-finals.|alba
alba/908.wav|But let's not forget the heroes of the event.|alba
alba/3203.wav|It remains a difficult situation for the coach and the player.|alba
alba/558.wav|She is now on the back benches.|alba
alba/872.wav|But the spokesman emphasised that their main desire was to return home as soon as possible.|alba
alba/2221.wav|The system is relatively simple.|alba
alba/162.wav|They have got nothing to do with the murder of Stephen Lawrence.|alba
alba/2481.wav|Now, however, she has accused the Tory Party of being racist, and irrelevant to Scotland's future.|alba
alba/1977.wav|But there is a point to it all.|alba
alba/3445.wav|The attack was condemned as outrageous by Jack Straw, the foreign secretary, who expressed his condolences to the relatives of the dead and injured.|alba
alba/2223.wav|That is a common cause and is obviously illegal.|alba
alba/2203.wav|I'm really looking forward to the start of the campaign.|alba
alba/1773.wav|This was never going to be an easy game for us.|alba
alba/3519.wav|Coaching is something that has been on my mind for years.|alba
alba/1557.wav|I want to fight for my place in the team.|alba
alba/2968.wav|It is in many ways a comforting view of the world.|alba
alba/1251.wav|He has changed my life for ever.|alba
alba/3060.wav|It's likely to be one of the people elected at this election.|alba
alba/3713.wav|We never thought we would go outside Ireland.|alba
alba/3443.wav|I'm just trying to see it and do it.|alba
alba/2636.wav|What are the barriers?|alba
alba/1_055.wav|I've got a family to think about.|alba
alba/3872.wav|They were not so much industrious as industrial.|alba
alba/1055.wav|The outcome is now in our own hands.|alba
alba/3164.wav|He also was in debt to drug dealers.|alba
alba/1_418.wav|I was on the point of suicide.|alba
alba/1182.wav|Yes, the very fabric of Murrayfield is being examined.|alba
alba/1825.wav|That is why the amount of days off for the players will be restricted.|alba
alba/1976.wav|The Tories insisted they were in favour of retaining the local police forces.|alba
alba/1207.wav|In turn, the firefighters angrily criticised the government for failing to meet their demands.|alba
alba/1935.wav|Ann Widdecombe has produced an extremely practical policy.|alba
alba/1_266.wav|He has never replied to our letter.|alba
alba/175.wav|On his reinstatement, the tribunal said the report which led to his dismissal had not been accepted by the court.|alba
alba/2545.wav|That is an area we have to examine.|alba
alba/2064.wav|There were unconfirmed reports that it was cannabis.|alba
alba/1_119.wav|Neither it is.|alba
alba/3961.wav|Any Time But Now would have been better.|alba
alba/1529.wav|A Strathclyde Police spokes-man confirmed they received a complaint from the teenager.|alba
alba/2809.wav|It just didn't happen for them today.|alba
alba/3447.wav|He certainly has the pace and talent to go at defenders, but like many of the other Hibs players, appears to be lacking in confidence at present.|alba
alba/1_164.wav|Could be an old Indian custom.|alba
alba/863.wav|It will be interesting to see who the new coach is.|alba
alba/3147.wav|Eight infected premises across Britain in a day is still a significant number.|alba
alba/3889.wav|I looked outside and our neighbour was outside on the ground.|alba
alba/2698.wav|The results were negative.|alba
alba/3779.wav|The Government would also be expected to contribute.|alba
alba/2_328.wav|Not many people like to do that.|alba
alba/1_273.wav|We are in a healthy position.|alba
alba/1_212.wav|It is that kind of movie.|alba
alba/1_368.wav|You have to be realistic.|alba
alba/1000.wav|There was no evidence that the terror was ending, he said.|alba
alba/1830.wav|It was a a rare event.|alba
alba/105.wav|I honestly don't like having to qualify.|alba
alba/3723.wav|There are no easy solutions to this problem.|alba
alba/3650.wav|She is very lucky.|alba
alba/1610.wav|I don't feel ashamed.|alba
alba/1840.wav|Yet this was but a brief interruption to the pattern which had been established.|alba
alba/1769.wav|The rest will be spent on health initiatives to be outlined in due course.|alba
alba/283.wav|A miracle occurred at Wimbledon yesterday.|alba
alba/1_265.wav|I did not feel the need.|alba
alba/1347.wav|On fuel, the Chancellor has a number of options.|alba
alba/662.wav|This is pretty special.|alba
alba/3857.wav|Also, it is the season of goodwill.|alba
alba/780.wav|But it was to no avail.|alba
alba/2834.wav|And, also, when he does not have the ball.|alba
alba/199.wav|This is a shattering blow to the community.|alba
alba/1748.wav|It had lasted exactly an hour.|alba
alba/3001.wav|Yet it is not really a sustainable contention.|alba
alba/3089.wav|Remarkably, this was an increase of optimism on his previous statements.|alba
alba/2_399.wav|So is that it, then?|alba
alba/1_112.wav|It is a challenge.|alba
alba/1422.wav|We will try and minimise the pain.|alba
alba/3381.wav|In Scotland, the good news is that devolution is delivering, Labour is delivering.|alba
alba/3400.wav|This time it was out of the blue.|alba
alba/1544.wav|That was a massive game for us.|alba
alba/3563.wav|However, Mr Scott said he is looking to get out.|alba
alba/3286.wav|He said it was for sale.|alba
alba/415.wav|That evidence is lacking.|alba
alba/2121.wav|Charles Kennedy called for legislation within the next year to clear the way for a referendum.|alba
alba/1_268.wav|We're not here to condemn.|alba
alba/2777.wav|There are two characters.|alba
alba/042.wav|Bruce was waiting at the door of the house, he was wearing his best wool coat with green piping at the collar.|alba
alba/063.wav|That was rather more additional borrowing than most outside forecasters expected.|alba
alba/3386.wav|It's a curious position to be in.|alba
alba/1087.wav|That was their strategy and they did a good job of it and they got away with it.|alba
alba/2417.wav|He conceded that the tide of opinion in Scotland had been in favour of a Scottish Parliament for decades.|alba
alba/1538.wav|Yesterday her family were too upset to speak.|alba
alba/2593.wav|We do what we can.|alba
alba/1_082.wav|She has been brilliant.|alba
alba/1686.wav|Where are the kids?|alba
alba/1736.wav|I cannot believe this is happening.|alba
alba/1484.wav|As we look towards the next stage of our development, we have got to come up against teams like this.|alba
alba/3980.wav|So far the signs are not encouraging.|alba
alba/2_397.wav|They know their son was murdered.|alba
alba/2_322.wav|In Scotland, that is the case.|alba
alba/703.wav|I think that's a bit of an invasion.|alba
alba/1_420.wav|That would be unsafe.|alba
alba/2483.wav|I suppose it is just one of those things, but it is very disappointing.|alba
alba/2_178.wav|That has got to stop.|alba
alba/2_132.wav|I had no chance.|alba
alba/3002.wav|Seven people were already in custody in France.|alba
alba/706.wav|I have seen it myself.|alba
alba/1_411.wav|Scotland will play its part.|alba
alba/1898.wav|This was very excellent.|alba
alba/3865.wav|He is to appeal.|alba
alba/1_088.wav|What on earth is wrong with you?|alba
alba/2351.wav|Much is being made of youth development.|alba
alba/1522.wav|We cannot relax.|alba
alba/2_035.wav|Mind the gap.|alba
alba/2_338.wav|He loved the moment.|alba
alba/2460.wav|They were detained and actually being held by officers at the time.|alba
alba/1_221.wav|So, we have to go back.|alba
alba/3182.wav|The prize is very great indeed and it is now in sight.|alba
alba/1805.wav|I was influenced by all of these things.|alba
alba/1099.wav|It came as a surprise to me and it was very disturbing.|alba
alba/2305.wav|The role was perfect for Russell.|alba
alba/1_409.wav|I am very angry about this.|alba
alba/1113.wav|The police have an awful lot to explain.|alba
alba/297.wav|But there is no doubt that it is the hottest potato in the West of Scotland.|alba
alba/2533.wav|If we had got a goal back, it would have been interesting.|alba
alba/2046.wav|There will be some exceptions to this.|alba
alba/3621.wav|Now it's happening once more for the man who makes his home in the mountains of Colorado.|alba
alba/1729.wav|It was supposed to look at the standard of behaviour of councillors.|alba
alba/3965.wav|We have made mistakes in the transfer market and people have been very quick to point that out.|alba
alba/2855.wav|The project was not included in yesterday's announcement by the Strategic Rail Authority.|alba
alba/2_305.wav|I look at it and buy it.|alba
alba/3625.wav|Hopefully, everything is for the best.|alba
alba/1094.wav|Clubs have a habit of raising them for important matches.|alba
alba/086.wav|The National Galleries of Scotland declined to comment on the artist's remarks.|alba
alba/1_110.wav|Thank you for your support.|alba
alba/1870.wav|America was too.|alba
alba/2171.wav|Five demonstrations have been planned for the capital.|alba
alba/906.wav|It isn't an issue.|alba
alba/1289.wav|He is very intelligent in the positions he takes up.|alba
alba/1291.wav|I just know the races ahead of me are very important.|alba
alba/3844.wav|We wish them a full and speedy recovery and our thoughts are with them and their families.|alba
alba/1622.wav|Gregor is one of those players who can play in a variety of positions.|alba
alba/3891.wav|It was a step up for a lot of players.|alba
alba/1058.wav|I think the strength of feeling is gathering momentum.|alba
alba/2_262.wav|She said recently.|alba
alba/3607.wav|Gets in the cross!|alba
alba/645.wav|I want to see evidence of significant progress.|alba
alba/3092.wav|But, honestly, we are at a very early stage in all of this.|alba
alba/3174.wav|Do Them In!|alba
alba/3755.wav|To us it shows a commitment to customer service.|alba
alba/3236.wav|It is too early to say if there is any substance to this.|alba
alba/3798.wav|He lost again when the case was taken to the House of Lords.|alba
alba/1750.wav|What was great about the programme was that it created the scenario of kids who didn't have to grow up.|alba
alba/3529.wav|Both are national treasures.|alba
alba/3477.wav|There are no men.|alba
alba/3805.wav|I am aware that somebody made a threat.|alba
alba/3410.wav|Our feelings are those of utter disbelief.|alba
alba/3613.wav|The club have accused the governing bodies of breaking the rules of natural justice and making an irrational decision.|alba
alba/2880.wav|Their defender certainly didn't do much.|alba
alba/2_252.wav|He was the best in the business.|alba
alba/128.wav|Many of the accidents which occurred at work could have been avoided.|alba
alba/1848.wav|The Government will just get on with the job of governing the country.|alba
alba/3314.wav|I'm sorry something like this had to happen.|alba
alba/2_424.wav|I don't know man.|alba
alba/1547.wav|The rest is his own.|alba
alba/159.wav|I felt we might have been given a bit more protection.|alba
alba/3274.wav|Arnott, who received a standing ovation, resisted all attempts to persuade him to change his mind.|alba
alba/3534.wav|Generally, we work on devising our own material.|alba
alba/2929.wav|I announced the resignations.|alba
alba/2_028.wav|Be anything but disheartened by this.|alba
alba/1139.wav|I cannot believe we cannot get something like this in Scotland.|alba
alba/1373.wav|To send in sheriff officers and police at this time was an appalling move.|alba
alba/3004.wav|All our employees have been informed of the meeting.|alba
alba/1505.wav|Wouldn't he be great playing with Michael Owen.|alba
alba/2_084.wav|They need to win a trophy.|alba
alba/1294.wav|I can understand that he found it hard.|alba
alba/1147.wav|It is an interesting exercise.|alba
alba/3638.wav|I have no such knowledge of any such allegation.|alba
alba/1744.wav|As this matter is ongoing, it would obviously not be appropriate for Mr Kelly to make any further statement at this time.|alba
alba/3087.wav|They finish their competition and stay in the village and party for the rest of the Games.|alba
alba/3619.wav|He thought the questioning was very intelligent.|alba
alba/1_094.wav|No one would be safe.|alba
alba/1_338.wav|We've made a couple of albums.|alba
alba/2_360.wav|So what makes it so special?|alba
alba/021.wav|The difference in the rainbow depends considerably upon the size of the drops, and the width of the colored band increases as the size of the drops increases.|alba
alba/380.wav|I think it's working what do you think?|alba
alba/1691.wav|Previously the board had produced a list of duties as the first step to a kind of contract.|alba
alba/794.wav|We scored five goals and it could have been more.|alba
alba/2078.wav|But she must be devastated.|alba
alba/2_092.wav|This includes a rising trend of over-payment.|alba
alba/3506.wav|I'd like to go there.|alba
alba/1_210.wav|It was never going to be a problem.|alba
alba/1535.wav|Raised the way you want it.|alba
alba/3316.wav|Brown said it was a Budget for Britain to succeed in the new economy and lead in the new century.|alba
alba/1247.wav|They are a better team than we are at the moment.|alba
alba/2_372.wav|But it is wrong to leave it there.|alba
alba/1097.wav|It was extremely painful for both of us, but that is the only way it could have been done.|alba
alba/1_307.wav|Both are no-go areas for Nato.|alba
alba/2941.wav|I don't think he replied to that.|alba
alba/2_159.wav|Let me amend that.|alba
alba/2157.wav|I did not know what to do with him.|alba
alba/1_357.wav|We are very concerned about controller fatigue.|alba
alba/2633.wav|In most cases it is panic buying that is causing the shortage.|alba
alba/1723.wav|We can use them if we want to.|alba
alba/1_125.wav|The results are very positive.|alba
alba/3137.wav|All this, of course, is perception.|alba
alba/655.wav|She is superb.|alba
alba/1885.wav|Everyone believes in it.|alba
alba/2_078.wav|And thought we could get away with it.|alba
alba/1563.wav|They have been immense.|alba
alba/2747.wav|There seems to be a problem in producing extended writing.|alba
alba/204.wav|We're not sure what to make of that yet.|alba
alba/1_147.wav|It will be tight.|alba
alba/3353.wav|His record on Government has always been highly effective.|alba
alba/1328.wav|We have got to believe we can win our remaining games.|alba
alba/1_281.wav|Indeed, he will.|alba
alba/3439.wav|Some are instinctive.|alba
alba/2405.wav|He was attracted by that.|alba
alba/263.wav|It is too much for me.|alba
alba/1904.wav|We used to live with dignity in our country.|alba
alba/1_166.wav|Who is his coach, adviser, manager?|alba
alba/1615.wav|He's very, very lucky to be alive.|alba
alba/1_168.wav|The first goal was crucial.|alba
alba/2881.wav|I know that and you know that.|alba
alba/345.wav|I am relieved.|alba
alba/2_245.wav|He did not.|alba
alba/2741.wav|And enjoy the beauty of that experience.|alba
alba/1688.wav|I don't think they were taking a chance.|alba
alba/3671.wav|Abba will never reform.|alba
alba/2969.wav|He said he did not expect a deal would require either company to sell off any part of its business, but that the merger would attract the attention of competition regulators.|alba
alba/1787.wav|His choice of sporting metaphor was apposite.|alba
alba/1198.wav|There are no more people who will stand by him.|alba
alba/809.wav|There will be new memories.|alba
alba/2_174.wav|I am not worried about this at all.|alba
alba/1_216.wav|These players can do that.|alba
alba/3771.wav|The tour was proposed and we are all in a position where we have time to do it.|alba
alba/1056.wav|It takes a lot of courage for the people living in the woods to do what they're doing.|alba
alba/1218.wav|The whole country is affected.|alba
alba/1786.wav|I am very confident that all parties are working flat out.|alba
alba/1623.wav|I get very excited by that.|alba
alba/3393.wav|To act that out was possible for me today.|alba
alba/3485.wav|Relatives of those killed in the bombing last night demanded a full public inquiry.|alba
alba/149.wav|Six of the asylum seekers left the offices, it was reported.|alba
alba/2_199.wav|I'd never heard of her.|alba
alba/3716.wav|David is desperately sorry.|alba
alba/3985.wav|There are definitely a couple of highly interesting players in the group.|alba
alba/3687.wav|I am innocent, and that makes the uncertainty even more awful.|alba
alba/3988.wav|Mr Hunter never went to the Court of Session.|alba
alba/2456.wav|We have to do that and we have to do it collectively.|alba
alba/1157.wav|I have enjoyed it immensely.|alba
alba/3435.wav|The reason is partly because of tradition.|alba
alba/2080.wav|They are not the figures which come to the inner eye.|alba
alba/1948.wav|He was good, but not that good.|alba
alba/1_163.wav|It was a big departure.|alba
alba/3448.wav|Then there is the problem about the timing of the tournament.|alba
alba/4032.wav|We are not the best of friends.|alba
alba/2616.wav|The problem is the book.|alba
alba/3912.wav|He may not have a guarantee of success but he is refusing to accept the argument is over.|alba
alba/1321.wav|He was invited to resign.|alba
alba/1584.wav|I think it would be mutually beneficial.|alba
alba/1_032.wav|She died in hospital two hours later.|alba
alba/2_110.wav|I'm very sorry.|alba
alba/2995.wav|That is the theory and the Scottish Executive is keen for councils to press ahead.|alba
alba/1039.wav|I definitely thought there was contact.|alba
alba/2_072.wav|I've been trying to put that behind me.|alba
alba/3789.wav|While the ballot result was a setback, the union would try to achieve a better deal in the next few weeks.|alba
alba/3187.wav|The second barrier, however, is political.|alba
alba/3722.wav|They made it very difficult for us.|alba
alba/2753.wav|We are aware as well that Tiger Woods is the one we all have to beat.|alba
alba/1331.wav|That is not the place for her.|alba
alba/759.wav|But that was not to be the end.|alba
alba/3510.wav|Look ahead to the next one.|alba
alba/500.wav|We did say it was forlorn.|alba
alba/3285.wav|To make the one at the last for birdie was an amazing feeling.|alba
alba/3994.wav|We have been coming here for many, many years.|alba
alba/2278.wav|We have to be very aware of that.|alba
alba/3465.wav|A lot of rugby has been thrown around Scottish rugby this year and admittedly the national team didn't help that.|alba
alba/3843.wav|He did not elaborate.|alba
alba/2070.wav|He doesn't have that sort of money.|alba
alba/2933.wav|They honour their heroes in Dingwall, and continue to do so.|alba
alba/712.wav|Why does it still go on?|alba
alba/3516.wav|If there is not a focus on something, it will just be treated like every other area of the curriculum.|alba
alba/1_135.wav|It is a tragedy.|alba
alba/3276.wav|Hizbollah is by far the most dangerous prospect.|alba
alba/541.wav|There could then be a process of review  to determine whether it is appropriate for the person to be released.|alba
alba/3364.wav|He takes the job.|alba
alba/025.wav|The amazing circus monkey was born with only one arm but loads of extra fur.|alba
alba/327.wav|But it soon became clear that he was not accessing the level of education he needed.|alba
alba/4007.wav|I'm sorry if any offence has been caused.|alba
alba/1196.wav|The play was re-cast.|alba
alba/2245.wav|I have done all that.|alba
alba/1561.wav|It's their duty to protect them.|alba
alba/165.wav|That will be at the heart of the new Unionism.|alba
alba/3172.wav|This, of course, is a joke.|alba
alba/824.wav|So other options had to be explored.|alba
alba/1428.wav|We must never forget that rugby is about the players and what they want.|alba
alba/1318.wav|That's what you have a squad for.|alba
alba/2648.wav|This is good news for the American people.|alba
alba/627.wav|Innes has been working like this for some years.|alba
alba/3661.wav|I'm looking for longevity.|alba
alba/3646.wav|Despite his call, the build-up continued.|alba
alba/1_096.wav|Lord MacKay is nothing if not a survivor.|alba
alba/3256.wav|He pointed out that other shareholders enjoyed a better deal.|alba
alba/2053.wav|It is a brilliant award.|alba
alba/3331.wav|We are at a low point.|alba
alba/1414.wav|There is no evidence of danger to the public.|alba
alba/248.wav|Not that the pair have enjoyed the best of preparations.|alba
alba/994.wav|There was a picture as well.|alba
alba/3962.wav|I did not have an affair with Robert McGregor.|alba
alba/3900.wav|Who was she?|alba
alba/2127.wav|It was rather surreal.|alba
alba/1283.wav|It could even take in Serbia if it turns to democracy.|alba
alba/1313.wav|The deal has yet to be finalised, but only minor matters remain to be dealt with.|alba
alba/2_052.wav|There were no complaints from any of them.|alba
alba/2632.wav|He will be the dominating figure from the moment he arrives in Scotland.|alba
alba/414.wav|It need not be like that.|alba
alba/2_395.wav|They were lucky.|alba
alba/1514.wav|He stayed on, a centre back playing out of position for the second time for his country.|alba
alba/1329.wav|I think overall there is great potential.|alba
alba/3752.wav|I would not offer anyone who is now there any advice.|alba
alba/2689.wav|Even so, the striker was not to be denied.|alba
alba/1390.wav|I don't see how they can know.|alba
alba/2_353.wav|Two things were clear from the new programme.|alba
alba/3887.wav|Leisure centres were also affected.|alba
alba/3790.wav|I'm really pleased with it.|alba
alba/826.wav|I do not even owe the money in question.|alba
alba/3470.wav|My attitude is exactly the same as before.|alba
alba/240.wav|Today is a setback.|alba
alba/647.wav|One, referees cannot be asked to enter a war zone in the name of sport.|alba
alba/1312.wav|That didn't happen for two reasons.|alba
alba/2_250.wav|Of further privacy, he had no need.|alba
alba/3773.wav|They are completely insensitive to public opinion and to those who play the lottery.|alba
alba/2126.wav|This is the first experiment in co-operative politics in these islands.|alba
alba/099.wav|He's very young and very keen to do well.|alba
alba/183.wav|Whatever happened to that one?|alba
alba/1326.wav|I think we definitely have to find a place for it.|alba
alba/1155.wav|A spokeswoman for the Scottish Executive rebutted criticisms that it was not addressing the issue of bed-blocking.|alba
alba/1_261.wav|Tiger is not the norm.|alba
alba/3214.wav|He can be good, he can be bad.|alba
alba/2790.wav|This was a rationing decision.|alba
alba/1117.wav|There is no way to do this.|alba
alba/2725.wav|I was looking at him and he said he would get one of his friends to go for a woman.|alba
alba/3205.wav|Scotland will find that out.|alba
alba/3473.wav|He can get it up and in from anywhere.|alba
alba/915.wav|We are on the path of change.|alba
alba/926.wav|He has nothing to run from.|alba
alba/150.wav|Why was he in such a hurry?|alba
alba/2272.wav|There is no reason for us to pull out of operations.|alba
alba/3335.wav|They are becoming more socially interactive and perhaps this increases the motivation to learn.|alba
alba/1025.wav|Germans are not euphoric about the euro.|alba
alba/3508.wav|My job was to represent the concerns of my electorate.|alba
alba/3179.wav|Not that he thinks that is cause for concern.|alba
alba/991.wav|He was charged with the possession and supply of ecstasy.|alba
alba/2800.wav|So the next best thing will have to do - they will support whoever is playing England.|alba
alba/3423.wav|No further explanation was given.|alba
alba/2543.wav|For me, the most important thing was always to take care of my Mum.|alba
alba/2597.wav|He said he never saw it.|alba
alba/184.wav|Now we can win it.|alba
alba/3000.wav|Reform is necessary, but it requires commitment and resource.|alba
alba/2348.wav|That can only take you so far.|alba
alba/3514.wav|I don't want to be in court.|alba
alba/1531.wav|And he is.|alba
alba/3676.wav|It is too dangerous a place to visit.|alba
alba/2637.wav|You need two teams to play and they did not want to do that, and there was no need for us to do it because we were winning the game by three goals.|alba
alba/2_238.wav|I want it to work for everyone.|alba
alba/2_106.wav|We will continue to pressure the Government.|alba
alba/1732.wav|This is a farce.|alba
alba/2465.wav|It is so wonderful.|alba
alba/904.wav|The potential is always in the idea.|alba
alba/802.wav|Rangers chairman David Murray confessed to having no knowledge of the affair.|alba
alba/1720.wav|He will not be a surprise.|alba
alba/3195.wav|A holiday is different.|alba
alba/3686.wav|That has not been installed.|alba
alba/3066.wav|I ended up being massively impressed by his ability as a performer.|alba
alba/1459.wav|Today he is considering his position.|alba
alba/3315.wav|Today, they arguably have the most promising generation in their entire history.|alba
alba/2_323.wav|I was very, very happy.|alba
alba/2488.wav|Coffee arrived in Britain with the East India Company.|alba
alba/4025.wav|He was outstanding.|alba
alba/2972.wav|Ferguson is not interested in the finances.|alba
alba/3155.wav|That has proved so far to have been a wildly optimistic estimate.|alba
alba/867.wav|If not, he should go home.|alba
alba/673.wav|If we end up in a review, we will end up in a review, and will deal with that.|alba
alba/2389.wav|We have been calling for it to be re-opened as quickly as possible.|alba
alba/1194.wav|Too many games and not enough time for the players to rest and recover from the injuries they collect.|alba
alba/577.wav|I cannot say that the difficulties are over.|alba
alba/1233.wav|Consumption would not be allowed on the premises or in public places.|alba
alba/1924.wav|But he failed to win the committee's support.|alba
alba/2415.wav|Police estimated four million people were on the streets around the country.|alba
alba/2_156.wav|It certainly feels that way.|alba
alba/1171.wav|I think in the end it was a fair result.|alba
alba/1493.wav|Then it all went wrong.|alba
alba/1454.wav|Some players haven't played at all and deserve to show what they can do.|alba
alba/2275.wav|It feels like a winner already.|alba
alba/976.wav|As soon as he was made aware of the police, with the vehicles ahead of him, he pulled off the road.|alba
alba/2835.wav|The company was still making the most of the publicity last night.|alba
alba/2670.wav|There was almost disbelief at the score.|alba
alba/225.wav|He approached the gallery in Kirkcaldy earlier this year.|alba
alba/1646.wav|The party said they would have no difficulty with me.|alba
alba/440.wav|You saw the pain he was in.|alba
alba/2_142.wav|That it is a brand name.|alba
alba/1449.wav|We have to forget these things and concentrate on getting the result we want.|alba
alba/2830.wav|Doing what he has done is simply amazing.|alba
alba/3858.wav|Times have certainly changed.|alba
alba/288.wav|I've just got to carry that in on Sunday.|alba
alba/1716.wav|Most of my constituents are in a similar position.|alba
alba/775.wav|For children who are not reunited with their parents, the damage is greater still.|alba
alba/1361.wav|There had been a need for some time to redress the balance.|alba
alba/3830.wav|The important thing is that they get what they want.|alba
alba/3422.wav|When we were looking around, this place wasn't even on the market.|alba
alba/3480.wav|I just need to be more selective.|alba
alba/1526.wav|But that was the way it was to remain.|alba
alba/3336.wav|There is now at least some light at the end of the tunnel.|alba
alba/2966.wav|It is a memorial.|alba
alba/008.wav|These take the shape of a long round arch, with its path high above, and its two ends apparently beyond the horizon.|alba
alba/2_406.wav|There have been so many.|alba
alba/2279.wav|The auction has seven days to run.|alba
alba/3401.wav|I am really disappointed.|alba
alba/3927.wav|A piece of Scottish history has been sold to the Americans.|alba
alba/3378.wav|I came to complete.|alba
alba/179.wav|Potentially the Tories are now runners in the election.|alba
alba/2130.wav|I might have to get used to that.|alba
alba/661.wav|It was his greatest movie performance.|alba
alba/2032.wav|The first is in Whitehall, the second in Brussels.|alba
alba/3919.wav|They were kept apart.|alba
alba/3085.wav|It was a lot of hard work, but it wasn't difficult.|alba
alba/1_141.wav|Things will never be the same again.|alba
alba/241.wav|It was just two seasons ago when Hibs were relegated.|alba
alba/514.wav|I feel we might now have the foundations to go forward.|alba
alba/1_075.wav|There is some evidence that somebody was.|alba
alba/1_086.wav|He is so quick and a hard worker.|alba
alba/1745.wav|Well, at least he was honest.|alba
alba/4030.wav|Cinema is a communal experience.|alba
alba/3982.wav|Jackie McNamara had not even been considered because of his long-term injury.|alba
alba/3313.wav|A new exhibition at the National Portrait Gallery in Edinburgh is one attempt to redress the balance.|alba
alba/681.wav|Mr Gorrie said would also make his own research available to the home secretary.|alba
alba/658.wav|Meanwhile, the dealer can carry on drug dealing in the communities, destroying communities.|alba
alba/2654.wav|We want the train operators to demonstrate intent and are not prepared to tolerate any other response.|alba
alba/1358.wav|I could not live with it.|alba
alba/3253.wav|Everyone knew the family.|alba
alba/1958.wav|He, too, will return.|alba
alba/2_242.wav|Shouldn't he be out?|alba
alba/2458.wav|At half-time we decided that, since we were up, it seemed to be working.|alba
alba/989.wav|We work well together.|alba
alba/3582.wav|Adding Tony to the mix is the icing on the cake.|alba
alba/567.wav|It is harder to relax.|alba
alba/1879.wav|I disagree with that.|alba
alba/3742.wav|After that there is the Ryder Cup and we all want a good result.|alba
alba/1632.wav|You get more for robbing a bank.|alba
alba/854.wav|I suspected it would be Marion.|alba
alba/1408.wav|The problem is that it doesn't help.|alba
alba/3947.wav|Many of them are forced into prostitution.|alba
alba/2_301.wav|This was discussed.|alba
alba/3614.wav|But it's a great relationship.|alba
alba/3556.wav|I wouldn't have asked for more from my players today.|alba
alba/877.wav|The jury convicted her of the less serious charge of culpable homicide.|alba
alba/2700.wav|Another officer was called and a test was taken from Connery, which was positive.|alba
alba/3287.wav|It has been great to be at home with the family.|alba
alba/112.wav|They were very much apart and it looked like they had never played together before.|alba
alba/2101.wav|I did it for him.|alba
alba/006.wav|When the sunlight strikes raindrops in the air, they act as a prism and form a rainbow.|alba
alba/2662.wav|I can't remember a thing about it.|alba
alba/1754.wav|The future of Scottish sport has already been decided.|alba
alba/3689.wav|It was important for me to get another victory - some players have won a Major and have never won again.|alba
alba/3730.wav|Serbia's economy is crippled.|alba
alba/843.wav|Yet it is the women who become the support system without which many men would not survive.|alba
alba/3543.wav|I don't think there is anything for me to gain from doing that.|alba
alba/141.wav|Monty is great in his own backyard.|alba
alba/1_025.wav|Loch Ness is utterly serene.|alba
alba/2_308.wav|He was unable to come.|alba
alba/1_254.wav|The first half was depressing.|alba
alba/2589.wav|Between them there seems to be the basis of a future.|alba
alba/2471.wav|The survey found that the scenery was by far the main attraction of the area.|alba
alba/2125.wav|I knew he was bound to tire because he had not played for eight months before joining Hearts.|alba
alba/2_350.wav|I knew staying wasn't an option.|alba
alba/2825.wav|The problem is that his inclusion means that the side is dominated by new boys.|alba
alba/2718.wav|Hopefully, this time it will be different.|alba
alba/3402.wav|I'm not a diva.|alba
alba/1660.wav|It was only a question of when she would make it.|alba
alba/429.wav|They demonstrate that together we can make a difference.|alba
alba/073.wav|I can't do anything tonight which would be speculative.|alba
alba/1_373.wav|You have got to be realistic.|alba
alba/3411.wav|I am a socialist.|alba
alba/814.wav|Producers have to recognise and question what they're doing  .|alba
alba/3438.wav|There is still much work to be done.|alba
alba/1322.wav|Are you going to win?|alba
alba/3327.wav|This is the most important game of the season so far because of the circumstances which now surround it.|alba
alba/3644.wav|We're going up, not down.|alba
alba/2414.wav|Professional investors agreed.|alba
alba/1579.wav|Always has, always will.|alba
alba/2946.wav|Rusedski is sponsored by The Sun.|alba
alba/2621.wav|We cannot say that everything is going the way we would have hoped.|alba
alba/2257.wav|I expected to win  it was a good win.|alba
alba/2_366.wav|One policeman was killed.|alba
alba/1_069.wav|It will be fine.|alba
alba/3926.wav|At a time when addressing deprivation and exclusion in Scotland is a priority, it's very bad news indeed.|alba
alba/2180.wav|They were delighted to hear our report, and were very encouraging.|alba
alba/1_334.wav|Bonetti felt his team had played very well.|alba
alba/1843.wav|To that end, a number of improvements will come into effect in April.|alba
alba/1_417.wav|He pulled out a gun and demanded money.|alba
alba/1192.wav|What about art lovers unable to travel?|alba
alba/2309.wav|It's a conflict in which the objectives are clearly set out, but that doesn't mean that there are not new situations that we have to respond to.|alba
alba/1172.wav|The saga is set to run for some time.|alba
alba/2_385.wav|All the signs are right.|alba
alba/2019.wav|And so it has come to pass.|alba
alba/2544.wav|He told me there was never any doubt about who would be his caddie.|alba
alba/2_418.wav|We shall not be moved.|alba
alba/1009.wav|There has to be a limit.|alba
alba/2666.wav|That won't be easy.|alba
alba/2578.wav|My feelings are pretty well documented on the Ryder Cup.|alba
alba/2192.wav|The spirit among the players has been excellent.|alba
alba/3525.wav|We can't be keeping the peace together and then withholding the equipment that is necessary.|alba
alba/610.wav|It was a good effort from us in Glasgow and we felt unlucky not to have won the first leg.|alba
alba/2474.wav|Yet it may not be that costly a defeat.|alba
alba/2_258.wav|And who does he support?|alba
alba/3261.wav|We don't think we are offending against the law but that does not mean that we won't be charged.|alba
alba/2_244.wav|Louise was not at the party.|alba
alba/3636.wav|I don't even have time to count the money.|alba
alba/844.wav|Our general manager, our finance director, and our legal adviser are representing the club.|alba
alba/3827.wav|She has never felt so pretty.|alba
alba/691.wav|The prime minister has to strike a balance between informing the public and not giving his intelligence sources away.|alba
alba/2307.wav|We are and that is crucial to our ambitions.|alba
alba/1_071.wav|I thought we were all going to die.|alba
alba/4021.wav|We had a lot of freedom.|alba
alba/1405.wav|I personally did not make one penny from the arrangements.|alba
alba/3714.wav|Their service will be available on digital television.|alba
alba/1_111.wav|I don't think they are bothered.|alba
alba/753.wav|I would prefer to know one way or the other.|alba
alba/1_381.wav|It will be up to the government.|alba
alba/1_173.wav|I don't have to work.|alba
alba/638.wav|The question of venues has still to be decided, but they will probably not be staged in conventional concert halls.|alba
alba/1_282.wav|There is a lack of chemistry.|alba
alba/3230.wav|Nobody believed it.|alba
alba/1273.wav|Money is not everything.|alba
alba/2391.wav|We are looking to the future.|alba
alba/2517.wav|It's not correct.|alba
alba/2_332.wav|Seems to be a sensible compromise.|alba
alba/2958.wav|Safety is paramount and we fully accept the decision.|alba
alba/3093.wav|The feeling of drama and of reality is absolutely intense.|alba
alba/3964.wav|That is something which is just not in the nature of our manager.|alba
alba/2280.wav|I have never been as terrified.|alba
alba/3924.wav|I don't like that kind of thing.|alba
alba/2572.wav|The pressure is ridiculous.|alba
alba/2061.wav|I've seen a change in the attitude.|alba
alba/1145.wav|It might all have been a dream.|alba
alba/2_105.wav|We didn't think anything would happen.|alba
alba/889.wav|Now we look forward to seeing Airdrie United in the second division.|alba
alba/3651.wav|Mother and baby are doing fine.|alba
alba/2_122.wav|My son was too young to die.|alba
alba/492.wav|That must be the start, and we will see where we go from there.|alba
alba/2430.wav|We beat the English, and that's something we never thought we could do.|alba
alba/1567.wav|We would all like to win more than one major.|alba
alba/1795.wav|The hotel was huge.|alba
alba/428.wav|I am just trying to get back on track and do my best for Glasgow Caley - and for Scotland in the future.|alba
alba/2866.wav|There is no mystery about that.|alba
alba/2989.wav|The losers are the police who have secured a reduction of crime and an increase of detection rates.|alba
alba/024.wav|This is a very common type of bow, one showing mainly red and yellow, with little or no green or blue.|alba
alba/2885.wav|We want to continue that work at St James's.|alba
